timestamp,pod,cpu_millicores,memory_mib
1781129361,angular-frontend-5bcb47ff99-wzt4f,0,8
1781129361,db-7c55cd5598-lwg7z,1,53
1781129361,nginx-proxy-56577655cc-t8qqx,0,2
1781129361,redis-6fcfb5475d-9k4px,6,3
1781129361,shiny-back-5f757895fc-rcp49,1,106
1781129361,shiny-back-analytics-79bb8cff6-wnz6s,1,106
1781129361,shiny-back-analytics-advanced-7c8f5774c6-9lvw5,1,106
1781129361,shiny-back-csv-advanced-bcf4bf9d-vln4k,1,104
1781129361,shiny-back-csv-df7c9968-58p7k,1,106
1781129361,shiny-back-map-8555df7ddb-xxvqv,1,106
1781129361,shiny-back-mc-55685c979d-p7mph,1,106
1781129361,shiny-back-ml-6974d7f8d7-czvjx,1,107
1781129361,shiny-front-98c879f4-lm82w,1,113
1781129361,shiny-front-analytics-746b6bc595-pwwfk,1,181
1781129361,shiny-front-analytics-advanced-7d8f548465-pzbtj,1,189
1781129361,shiny-front-csv-7fd74749f5-h4b9k,1,113
1781129361,shiny-front-csv-advanced-55646d744f-pgjt9,1,113
1781129361,shiny-front-map-f7fbcdc77-zkhbb,1,108
1781129361,shiny-front-mc-7c4bfd44f5-xx42n,1,190
1781129361,shiny-front-ml-74c8cc859d-fdrqw,1,190
1781129361,spring-backend-5445d4848-96v8l,6,445
1781129366,angular-frontend-5bcb47ff99-wzt4f,0,8
1781129366,db-7c55cd5598-lwg7z,1,53
1781129366,nginx-proxy-56577655cc-t8qqx,0,2
1781129366,redis-6fcfb5475d-9k4px,6,3
1781129366,shiny-back-5f757895fc-rcp49,1,106
1781129366,shiny-back-analytics-79bb8cff6-wnz6s,1,106
1781129366,shiny-back-analytics-advanced-7c8f5774c6-9lvw5,1,106
1781129366,shiny-back-csv-advanced-bcf4bf9d-vln4k,1,104
1781129366,shiny-back-csv-df7c9968-58p7k,1,106
1781129366,shiny-back-map-8555df7ddb-xxvqv,1,106
1781129366,shiny-back-mc-55685c979d-p7mph,1,106
1781129366,shiny-back-ml-6974d7f8d7-czvjx,1,107
1781129366,shiny-front-98c879f4-lm82w,1,113
1781129366,shiny-front-analytics-746b6bc595-pwwfk,1,181
1781129366,shiny-front-analytics-advanced-7d8f548465-pzbtj,1,189
1781129366,shiny-front-csv-7fd74749f5-h4b9k,1,113
1781129366,shiny-front-csv-advanced-55646d744f-pgjt9,1,113
1781129366,shiny-front-map-f7fbcdc77-zkhbb,1,108
1781129366,shiny-front-mc-7c4bfd44f5-xx42n,1,190
1781129366,shiny-front-ml-74c8cc859d-fdrqw,1,190
1781129366,spring-backend-5445d4848-96v8l,6,445
1781129372,angular-frontend-5bcb47ff99-wzt4f,0,8
1781129372,db-7c55cd5598-lwg7z,1,53
1781129372,nginx-proxy-56577655cc-t8qqx,0,2
1781129372,redis-6fcfb5475d-9k4px,6,3
1781129372,shiny-back-5f757895fc-rcp49,1,106
1781129372,shiny-back-analytics-79bb8cff6-wnz6s,1,106
1781129372,shiny-back-analytics-advanced-7c8f5774c6-9lvw5,1,106
1781129372,shiny-back-csv-advanced-bcf4bf9d-vln4k,1,104
1781129372,shiny-back-csv-df7c9968-58p7k,1,106
1781129372,shiny-back-map-8555df7ddb-xxvqv,1,106
1781129372,shiny-back-mc-55685c979d-p7mph,1,106
1781129372,shiny-back-ml-6974d7f8d7-czvjx,1,107
1781129372,shiny-front-98c879f4-lm82w,1,113
1781129372,shiny-front-analytics-746b6bc595-pwwfk,1,181
1781129372,shiny-front-analytics-advanced-7d8f548465-pzbtj,1,189
1781129372,shiny-front-csv-7fd74749f5-h4b9k,1,113
1781129372,shiny-front-csv-advanced-55646d744f-pgjt9,1,113
1781129372,shiny-front-map-f7fbcdc77-zkhbb,1,108
1781129372,shiny-front-mc-7c4bfd44f5-xx42n,1,190
1781129372,shiny-front-ml-74c8cc859d-fdrqw,1,190
1781129372,spring-backend-5445d4848-96v8l,6,445
1781129378,angular-frontend-5bcb47ff99-wzt4f,2,8
1781129378,db-7c55cd5598-lwg7z,7,53
1781129378,nginx-proxy-56577655cc-t8qqx,0,2
1781129378,redis-6fcfb5475d-9k4px,6,3
1781129378,shiny-back-5f757895fc-rcp49,1,106
1781129378,shiny-back-analytics-79bb8cff6-wnz6s,1,106
1781129378,shiny-back-analytics-advanced-7c8f5774c6-9lvw5,1,106
1781129378,shiny-back-csv-advanced-bcf4bf9d-vln4k,1,104
1781129378,shiny-back-csv-df7c9968-58p7k,1,106
1781129378,shiny-back-map-8555df7ddb-xxvqv,1,106
1781129378,shiny-back-mc-55685c979d-p7mph,1,106
1781129378,shiny-back-ml-6974d7f8d7-czvjx,1,107
1781129378,shiny-front-98c879f4-lm82w,1,113
1781129378,shiny-front-analytics-746b6bc595-pwwfk,1,181
1781129378,shiny-front-analytics-advanced-7d8f548465-pzbtj,1,189
1781129378,shiny-front-csv-7fd74749f5-h4b9k,1,113
1781129378,shiny-front-csv-advanced-55646d744f-pgjt9,1,113
1781129378,shiny-front-map-f7fbcdc77-zkhbb,1,108
1781129378,shiny-front-mc-7c4bfd44f5-xx42n,1,190
1781129378,shiny-front-ml-74c8cc859d-fdrqw,1,190
1781129378,spring-backend-5445d4848-96v8l,15,446
1781129383,angular-frontend-5bcb47ff99-wzt4f,2,8
1781129383,db-7c55cd5598-lwg7z,7,53
1781129383,nginx-proxy-56577655cc-t8qqx,0,2
1781129383,redis-6fcfb5475d-9k4px,6,3
1781129383,shiny-back-5f757895fc-rcp49,1,106
1781129383,shiny-back-analytics-79bb8cff6-wnz6s,1,106
1781129383,shiny-back-analytics-advanced-7c8f5774c6-9lvw5,1,106
1781129383,shiny-back-csv-advanced-bcf4bf9d-vln4k,1,104
1781129383,shiny-back-csv-df7c9968-58p7k,1,106
1781129383,shiny-back-map-8555df7ddb-xxvqv,1,106
1781129383,shiny-back-mc-55685c979d-p7mph,1,106
1781129383,shiny-back-ml-6974d7f8d7-czvjx,1,107
1781129383,shiny-front-98c879f4-lm82w,1,113
1781129383,shiny-front-analytics-746b6bc595-pwwfk,1,181
1781129383,shiny-front-analytics-advanced-7d8f548465-pzbtj,1,189
1781129383,shiny-front-csv-7fd74749f5-h4b9k,1,113
1781129383,shiny-front-csv-advanced-55646d744f-pgjt9,1,113
1781129383,shiny-front-map-f7fbcdc77-zkhbb,1,108
1781129383,shiny-front-mc-7c4bfd44f5-xx42n,1,190
1781129383,shiny-front-ml-74c8cc859d-fdrqw,1,190
1781129383,spring-backend-5445d4848-96v8l,15,446
1781129389,angular-frontend-5bcb47ff99-wzt4f,8,9
1781129389,db-7c55cd5598-lwg7z,7,53
1781129389,nginx-proxy-56577655cc-t8qqx,0,2
1781129389,redis-6fcfb5475d-9k4px,6,3
1781129389,shiny-back-5f757895fc-rcp49,1,106
1781129389,shiny-back-analytics-79bb8cff6-wnz6s,1,106
1781129389,shiny-back-analytics-advanced-7c8f5774c6-9lvw5,1,106
1781129389,shiny-back-csv-advanced-bcf4bf9d-vln4k,1,104
1781129389,shiny-back-csv-df7c9968-58p7k,1,106
1781129389,shiny-back-map-8555df7ddb-xxvqv,1,106
1781129389,shiny-back-mc-55685c979d-p7mph,1,106
1781129389,shiny-back-ml-6974d7f8d7-czvjx,1,107
1781129389,shiny-front-98c879f4-lm82w,1,113
1781129389,shiny-front-analytics-746b6bc595-pwwfk,1,181
1781129389,shiny-front-analytics-advanced-7d8f548465-pzbtj,1,189
1781129389,shiny-front-csv-7fd74749f5-h4b9k,1,113
1781129389,shiny-front-csv-advanced-55646d744f-pgjt9,1,113
1781129389,shiny-front-map-f7fbcdc77-zkhbb,1,108
1781129389,shiny-front-mc-7c4bfd44f5-xx42n,1,190
1781129389,shiny-front-ml-74c8cc859d-fdrqw,1,190
1781129389,spring-backend-5445d4848-96v8l,81,446
1781129395,angular-frontend-5bcb47ff99-wzt4f,8,9
1781129395,db-7c55cd5598-lwg7z,7,53
1781129395,nginx-proxy-56577655cc-t8qqx,0,2
1781129395,redis-6fcfb5475d-9k4px,6,3
1781129395,shiny-back-5f757895fc-rcp49,1,106
1781129395,shiny-back-analytics-79bb8cff6-wnz6s,1,106
1781129395,shiny-back-analytics-advanced-7c8f5774c6-9lvw5,1,106
1781129395,shiny-back-csv-advanced-bcf4bf9d-vln4k,1,104
1781129395,shiny-back-csv-df7c9968-58p7k,1,106
1781129395,shiny-back-map-8555df7ddb-xxvqv,1,106
1781129395,shiny-back-mc-55685c979d-p7mph,1,106
1781129395,shiny-back-ml-6974d7f8d7-czvjx,1,107
1781129395,shiny-front-98c879f4-lm82w,1,113
1781129395,shiny-front-analytics-746b6bc595-pwwfk,1,181
1781129395,shiny-front-analytics-advanced-7d8f548465-pzbtj,1,189
1781129395,shiny-front-csv-7fd74749f5-h4b9k,1,113
1781129395,shiny-front-csv-advanced-55646d744f-pgjt9,1,113
1781129395,shiny-front-map-f7fbcdc77-zkhbb,1,108
1781129395,shiny-front-mc-7c4bfd44f5-xx42n,1,190
1781129395,shiny-front-ml-74c8cc859d-fdrqw,1,190
1781129395,spring-backend-5445d4848-96v8l,81,446
1781129401,angular-frontend-5bcb47ff99-wzt4f,8,9
1781129401,db-7c55cd5598-lwg7z,7,53
1781129401,nginx-proxy-56577655cc-t8qqx,0,2
1781129401,redis-6fcfb5475d-9k4px,6,3
1781129401,shiny-back-5f757895fc-rcp49,1,106
1781129401,shiny-back-analytics-79bb8cff6-wnz6s,1,106
1781129401,shiny-back-analytics-advanced-7c8f5774c6-9lvw5,1,106
1781129401,shiny-back-csv-advanced-bcf4bf9d-vln4k,1,104
1781129401,shiny-back-csv-df7c9968-58p7k,1,106
1781129401,shiny-back-map-8555df7ddb-xxvqv,1,106
1781129401,shiny-back-mc-55685c979d-p7mph,1,106
1781129401,shiny-back-ml-6974d7f8d7-czvjx,1,107
1781129401,shiny-front-98c879f4-lm82w,1,113
1781129401,shiny-front-analytics-746b6bc595-pwwfk,1,181
1781129401,shiny-front-analytics-advanced-7d8f548465-pzbtj,1,189
1781129401,shiny-front-csv-7fd74749f5-h4b9k,1,113
1781129401,shiny-front-csv-advanced-55646d744f-pgjt9,1,113
1781129401,shiny-front-map-f7fbcdc77-zkhbb,1,108
1781129401,shiny-front-mc-7c4bfd44f5-xx42n,1,190
1781129401,shiny-front-ml-74c8cc859d-fdrqw,1,190
1781129401,spring-backend-5445d4848-96v8l,81,446
1781129406,angular-frontend-5bcb47ff99-wzt4f,8,9
1781129406,db-7c55cd5598-lwg7z,25,54
1781129406,nginx-proxy-56577655cc-t8qqx,0,2
1781129406,redis-6fcfb5475d-9k4px,7,3
1781129406,shiny-back-5f757895fc-rcp49,1,106
1781129406,shiny-back-analytics-79bb8cff6-wnz6s,1,106
1781129406,shiny-back-analytics-advanced-7c8f5774c6-9lvw5,1,106
1781129406,shiny-back-csv-advanced-bcf4bf9d-vln4k,1,104
1781129406,shiny-back-csv-df7c9968-58p7k,1,106
1781129406,shiny-back-map-8555df7ddb-xxvqv,1,106
1781129406,shiny-back-mc-55685c979d-p7mph,1,106
1781129406,shiny-back-ml-6974d7f8d7-czvjx,1,107
1781129406,shiny-front-98c879f4-lm82w,1,113
1781129406,shiny-front-analytics-746b6bc595-pwwfk,1,181
1781129406,shiny-front-analytics-advanced-7d8f548465-pzbtj,1,189
1781129406,shiny-front-csv-7fd74749f5-h4b9k,1,113
1781129406,shiny-front-csv-advanced-55646d744f-pgjt9,1,113
1781129406,shiny-front-map-f7fbcdc77-zkhbb,1,108
1781129406,shiny-front-mc-7c4bfd44f5-xx42n,1,190
1781129406,shiny-front-ml-74c8cc859d-fdrqw,1,190
1781129406,spring-backend-5445d4848-96v8l,160,446
1781129412,angular-frontend-5bcb47ff99-wzt4f,8,9
1781129412,db-7c55cd5598-lwg7z,25,54
1781129412,nginx-proxy-56577655cc-t8qqx,0,2
1781129412,redis-6fcfb5475d-9k4px,7,3
1781129412,shiny-back-5f757895fc-rcp49,1,106
1781129412,shiny-back-analytics-79bb8cff6-wnz6s,1,106
1781129412,shiny-back-analytics-advanced-7c8f5774c6-9lvw5,1,106
1781129412,shiny-back-csv-advanced-bcf4bf9d-vln4k,1,104
1781129412,shiny-back-csv-df7c9968-58p7k,1,106
1781129412,shiny-back-map-8555df7ddb-xxvqv,1,106
1781129412,shiny-back-mc-55685c979d-p7mph,1,106
1781129412,shiny-back-ml-6974d7f8d7-czvjx,1,107
1781129412,shiny-front-98c879f4-lm82w,1,113
1781129412,shiny-front-analytics-746b6bc595-pwwfk,1,181
1781129412,shiny-front-analytics-advanced-7d8f548465-pzbtj,1,189
1781129412,shiny-front-csv-7fd74749f5-h4b9k,1,113
1781129412,shiny-front-csv-advanced-55646d744f-pgjt9,1,113
1781129412,shiny-front-map-f7fbcdc77-zkhbb,1,108
1781129412,shiny-front-mc-7c4bfd44f5-xx42n,1,190
1781129412,shiny-front-ml-74c8cc859d-fdrqw,1,190
1781129412,spring-backend-5445d4848-96v8l,160,446
1781129418,angular-frontend-5bcb47ff99-wzt4f,8,9
1781129418,db-7c55cd5598-lwg7z,25,54
1781129418,nginx-proxy-56577655cc-t8qqx,0,2
1781129418,redis-6fcfb5475d-9k4px,7,3
1781129418,shiny-back-5f757895fc-rcp49,1,106
1781129418,shiny-back-analytics-79bb8cff6-wnz6s,1,106
1781129418,shiny-back-analytics-advanced-7c8f5774c6-9lvw5,1,106
1781129418,shiny-back-csv-advanced-bcf4bf9d-vln4k,1,104
1781129418,shiny-back-csv-df7c9968-58p7k,1,106
1781129418,shiny-back-map-8555df7ddb-xxvqv,1,106
1781129418,shiny-back-mc-55685c979d-p7mph,1,106
1781129418,shiny-back-ml-6974d7f8d7-czvjx,1,107
1781129418,shiny-front-98c879f4-lm82w,1,113
1781129418,shiny-front-analytics-746b6bc595-pwwfk,1,181
1781129418,shiny-front-analytics-advanced-7d8f548465-pzbtj,1,189
1781129418,shiny-front-csv-7fd74749f5-h4b9k,1,113
1781129418,shiny-front-csv-advanced-55646d744f-pgjt9,1,113
1781129418,shiny-front-map-f7fbcdc77-zkhbb,1,108
1781129418,shiny-front-mc-7c4bfd44f5-xx42n,1,190
1781129418,shiny-front-ml-74c8cc859d-fdrqw,1,190
1781129418,spring-backend-5445d4848-96v8l,160,446
1781129423,angular-frontend-5bcb47ff99-wzt4f,13,9
1781129423,db-7c55cd5598-lwg7z,38,54
1781129423,nginx-proxy-56577655cc-t8qqx,0,2
1781129423,redis-6fcfb5475d-9k4px,7,3
1781129423,shiny-back-5f757895fc-rcp49,1,106
1781129423,shiny-back-analytics-79bb8cff6-wnz6s,1,106
1781129423,shiny-back-analytics-advanced-7c8f5774c6-9lvw5,1,106
1781129423,shiny-back-csv-advanced-bcf4bf9d-vln4k,1,104
1781129423,shiny-back-csv-df7c9968-58p7k,1,106
1781129423,shiny-back-map-8555df7ddb-xxvqv,1,106
1781129423,shiny-back-mc-55685c979d-p7mph,1,106
1781129423,shiny-back-ml-6974d7f8d7-czvjx,1,107
1781129423,shiny-front-98c879f4-lm82w,1,113
1781129423,shiny-front-analytics-746b6bc595-pwwfk,1,181
1781129423,shiny-front-analytics-advanced-7d8f548465-pzbtj,1,189
1781129423,shiny-front-csv-7fd74749f5-h4b9k,1,113
1781129423,shiny-front-csv-advanced-55646d744f-pgjt9,1,113
1781129423,shiny-front-map-f7fbcdc77-zkhbb,1,108
1781129423,shiny-front-mc-7c4bfd44f5-xx42n,1,190
1781129423,shiny-front-ml-74c8cc859d-fdrqw,1,190
1781129423,spring-backend-5445d4848-96v8l,202,446
1781129429,angular-frontend-5bcb47ff99-wzt4f,13,9
1781129429,db-7c55cd5598-lwg7z,38,54
1781129429,nginx-proxy-56577655cc-t8qqx,0,2
1781129429,redis-6fcfb5475d-9k4px,7,3
1781129429,shiny-back-5f757895fc-rcp49,1,106
1781129429,shiny-back-analytics-79bb8cff6-wnz6s,1,106
1781129429,shiny-back-analytics-advanced-7c8f5774c6-9lvw5,1,106
1781129429,shiny-back-csv-advanced-bcf4bf9d-vln4k,1,104
1781129429,shiny-back-csv-df7c9968-58p7k,1,106
1781129429,shiny-back-map-8555df7ddb-xxvqv,1,106
1781129429,shiny-back-mc-55685c979d-p7mph,1,106
1781129429,shiny-back-ml-6974d7f8d7-czvjx,1,107
1781129429,shiny-front-98c879f4-lm82w,1,113
1781129429,shiny-front-analytics-746b6bc595-pwwfk,1,181
1781129429,shiny-front-analytics-advanced-7d8f548465-pzbtj,1,189
1781129429,shiny-front-csv-7fd74749f5-h4b9k,1,113
1781129429,shiny-front-csv-advanced-55646d744f-pgjt9,1,113
1781129429,shiny-front-map-f7fbcdc77-zkhbb,1,108
1781129429,shiny-front-mc-7c4bfd44f5-xx42n,1,190
1781129429,shiny-front-ml-74c8cc859d-fdrqw,1,190
1781129429,spring-backend-5445d4848-96v8l,202,446
1781129435,angular-frontend-5bcb47ff99-wzt4f,15,9
1781129435,db-7c55cd5598-lwg7z,42,55
1781129435,nginx-proxy-56577655cc-t8qqx,0,2
1781129435,redis-6fcfb5475d-9k4px,6,3
1781129435,shiny-back-5f757895fc-rcp49,1,106
1781129435,shiny-back-analytics-79bb8cff6-wnz6s,1,106
1781129435,shiny-back-analytics-advanced-7c8f5774c6-9lvw5,1,106
1781129435,shiny-back-csv-advanced-bcf4bf9d-vln4k,1,104
1781129435,shiny-back-csv-df7c9968-58p7k,1,106
1781129435,shiny-back-map-8555df7ddb-xxvqv,1,106
1781129435,shiny-back-mc-55685c979d-p7mph,1,106
1781129435,shiny-back-ml-6974d7f8d7-czvjx,1,107
1781129435,shiny-front-98c879f4-lm82w,1,113
1781129435,shiny-front-analytics-746b6bc595-pwwfk,1,181
1781129435,shiny-front-analytics-advanced-7d8f548465-pzbtj,1,189
1781129435,shiny-front-csv-7fd74749f5-h4b9k,1,113
1781129435,shiny-front-csv-advanced-55646d744f-pgjt9,1,113
1781129435,shiny-front-map-f7fbcdc77-zkhbb,1,108
1781129435,shiny-front-mc-7c4bfd44f5-xx42n,1,190
1781129435,shiny-front-ml-74c8cc859d-fdrqw,1,190
1781129435,spring-backend-5445d4848-96v8l,250,446
1781129441,angular-frontend-5bcb47ff99-wzt4f,15,9
1781129441,db-7c55cd5598-lwg7z,42,55
1781129441,nginx-proxy-56577655cc-t8qqx,0,2
1781129441,redis-6fcfb5475d-9k4px,6,3
1781129441,shiny-back-5f757895fc-rcp49,1,106
1781129441,shiny-back-analytics-79bb8cff6-wnz6s,1,106
1781129441,shiny-back-analytics-advanced-7c8f5774c6-9lvw5,1,106
1781129441,shiny-back-csv-advanced-bcf4bf9d-vln4k,1,104
1781129441,shiny-back-csv-df7c9968-58p7k,1,106
1781129441,shiny-back-map-8555df7ddb-xxvqv,1,106
1781129441,shiny-back-mc-55685c979d-p7mph,1,106
1781129441,shiny-back-ml-6974d7f8d7-czvjx,1,107
1781129441,shiny-front-98c879f4-lm82w,1,113
1781129441,shiny-front-analytics-746b6bc595-pwwfk,1,181
1781129441,shiny-front-analytics-advanced-7d8f548465-pzbtj,1,189
1781129441,shiny-front-csv-7fd74749f5-h4b9k,1,113
1781129441,shiny-front-csv-advanced-55646d744f-pgjt9,1,113
1781129441,shiny-front-map-f7fbcdc77-zkhbb,1,108
1781129441,shiny-front-mc-7c4bfd44f5-xx42n,1,190
1781129441,shiny-front-ml-74c8cc859d-fdrqw,1,190
1781129441,spring-backend-5445d4848-96v8l,250,446
1781129446,angular-frontend-5bcb47ff99-wzt4f,15,9
1781129446,db-7c55cd5598-lwg7z,42,55
1781129446,nginx-proxy-56577655cc-t8qqx,0,2
1781129446,redis-6fcfb5475d-9k4px,6,3
1781129446,shiny-back-5f757895fc-rcp49,1,106
1781129446,shiny-back-analytics-79bb8cff6-wnz6s,1,106
1781129446,shiny-back-analytics-advanced-7c8f5774c6-9lvw5,1,106
1781129446,shiny-back-csv-advanced-bcf4bf9d-vln4k,1,104
1781129446,shiny-back-csv-df7c9968-58p7k,1,106
1781129446,shiny-back-map-8555df7ddb-xxvqv,1,106
1781129446,shiny-back-mc-55685c979d-p7mph,1,106
1781129446,shiny-back-ml-6974d7f8d7-czvjx,1,107
1781129446,shiny-front-98c879f4-lm82w,1,113
1781129446,shiny-front-analytics-746b6bc595-pwwfk,1,181
1781129446,shiny-front-analytics-advanced-7d8f548465-pzbtj,1,189
1781129446,shiny-front-csv-7fd74749f5-h4b9k,1,113
1781129446,shiny-front-csv-advanced-55646d744f-pgjt9,1,113
1781129446,shiny-front-map-f7fbcdc77-zkhbb,1,108
1781129446,shiny-front-mc-7c4bfd44f5-xx42n,1,190
1781129446,shiny-front-ml-74c8cc859d-fdrqw,1,190
1781129446,spring-backend-5445d4848-96v8l,250,446
1781129452,angular-frontend-5bcb47ff99-wzt4f,17,9
1781129452,db-7c55cd5598-lwg7z,50,54
1781129452,nginx-proxy-56577655cc-t8qqx,0,2
1781129452,redis-6fcfb5475d-9k4px,6,3
1781129452,shiny-back-5f757895fc-rcp49,1,106
1781129452,shiny-back-analytics-79bb8cff6-wnz6s,1,106
1781129452,shiny-back-analytics-advanced-7c8f5774c6-9lvw5,1,106
1781129452,shiny-back-csv-advanced-bcf4bf9d-vln4k,1,104
1781129452,shiny-back-csv-df7c9968-58p7k,1,106
1781129452,shiny-back-map-8555df7ddb-xxvqv,1,106
1781129452,shiny-back-mc-55685c979d-p7mph,1,106
1781129452,shiny-back-ml-6974d7f8d7-czvjx,1,107
1781129452,shiny-front-98c879f4-lm82w,1,113
1781129452,shiny-front-analytics-746b6bc595-pwwfk,1,181
1781129452,shiny-front-analytics-advanced-7d8f548465-pzbtj,1,189
1781129452,shiny-front-csv-7fd74749f5-h4b9k,1,113
1781129452,shiny-front-csv-advanced-55646d744f-pgjt9,1,113
1781129452,shiny-front-map-f7fbcdc77-zkhbb,1,108
1781129452,shiny-front-mc-7c4bfd44f5-xx42n,1,190
1781129452,shiny-front-ml-74c8cc859d-fdrqw,1,190
1781129452,spring-backend-5445d4848-96v8l,289,447
1781129458,angular-frontend-5bcb47ff99-wzt4f,17,9
1781129458,db-7c55cd5598-lwg7z,50,54
1781129458,nginx-proxy-56577655cc-t8qqx,0,2
1781129458,redis-6fcfb5475d-9k4px,6,3
1781129458,shiny-back-5f757895fc-rcp49,1,106
1781129458,shiny-back-analytics-79bb8cff6-wnz6s,1,106
1781129458,shiny-back-analytics-advanced-7c8f5774c6-9lvw5,1,106
1781129458,shiny-back-csv-advanced-bcf4bf9d-vln4k,1,104
1781129458,shiny-back-csv-df7c9968-58p7k,1,106
1781129458,shiny-back-map-8555df7ddb-xxvqv,1,106
1781129458,shiny-back-mc-55685c979d-p7mph,1,106
1781129458,shiny-back-ml-6974d7f8d7-czvjx,1,107
1781129458,shiny-front-98c879f4-lm82w,1,113
1781129458,shiny-front-analytics-746b6bc595-pwwfk,1,181
1781129458,shiny-front-analytics-advanced-7d8f548465-pzbtj,1,189
1781129458,shiny-front-csv-7fd74749f5-h4b9k,1,113
1781129458,shiny-front-csv-advanced-55646d744f-pgjt9,1,113
1781129458,shiny-front-map-f7fbcdc77-zkhbb,1,108
1781129458,shiny-front-mc-7c4bfd44f5-xx42n,1,190
1781129458,shiny-front-ml-74c8cc859d-fdrqw,1,190
1781129458,spring-backend-5445d4848-96v8l,289,447
1781129463,angular-frontend-5bcb47ff99-wzt4f,20,10
1781129463,db-7c55cd5598-lwg7z,58,53
1781129463,nginx-proxy-56577655cc-t8qqx,0,2
1781129463,redis-6fcfb5475d-9k4px,6,3
1781129463,shiny-back-5f757895fc-rcp49,1,106
1781129463,shiny-back-analytics-79bb8cff6-wnz6s,1,106
1781129463,shiny-back-analytics-advanced-7c8f5774c6-9lvw5,1,106
1781129463,shiny-back-csv-advanced-bcf4bf9d-vln4k,1,104
1781129463,shiny-back-csv-df7c9968-58p7k,1,106
1781129463,shiny-back-map-8555df7ddb-xxvqv,1,106
1781129463,shiny-back-mc-55685c979d-p7mph,1,106
1781129463,shiny-back-ml-6974d7f8d7-czvjx,1,107
1781129463,shiny-front-98c879f4-lm82w,1,113
1781129463,shiny-front-analytics-746b6bc595-pwwfk,1,181
1781129463,shiny-front-analytics-advanced-7d8f548465-pzbtj,1,189
1781129463,shiny-front-csv-7fd74749f5-h4b9k,1,113
1781129463,shiny-front-csv-advanced-55646d744f-pgjt9,1,113
1781129463,shiny-front-map-f7fbcdc77-zkhbb,1,108
1781129463,shiny-front-mc-7c4bfd44f5-xx42n,1,190
1781129463,shiny-front-ml-74c8cc859d-fdrqw,1,190
1781129463,spring-backend-5445d4848-96v8l,319,447
1781129469,angular-frontend-5bcb47ff99-wzt4f,20,10
1781129469,db-7c55cd5598-lwg7z,58,53
1781129469,nginx-proxy-56577655cc-t8qqx,0,2
1781129469,redis-6fcfb5475d-9k4px,6,3
1781129469,shiny-back-5f757895fc-rcp49,1,106
1781129469,shiny-back-analytics-79bb8cff6-wnz6s,1,106
1781129469,shiny-back-analytics-advanced-7c8f5774c6-9lvw5,1,106
1781129469,shiny-back-csv-advanced-bcf4bf9d-vln4k,1,104
1781129469,shiny-back-csv-df7c9968-58p7k,1,106
1781129469,shiny-back-map-8555df7ddb-xxvqv,1,106
1781129469,shiny-back-mc-55685c979d-p7mph,1,106
1781129469,shiny-back-ml-6974d7f8d7-czvjx,1,107
1781129469,shiny-front-98c879f4-lm82w,1,113
1781129469,shiny-front-analytics-746b6bc595-pwwfk,1,181
1781129469,shiny-front-analytics-advanced-7d8f548465-pzbtj,1,189
1781129469,shiny-front-csv-7fd74749f5-h4b9k,1,113
1781129469,shiny-front-csv-advanced-55646d744f-pgjt9,1,113
1781129469,shiny-front-map-f7fbcdc77-zkhbb,1,108
1781129469,shiny-front-mc-7c4bfd44f5-xx42n,1,190
1781129469,shiny-front-ml-74c8cc859d-fdrqw,1,190
1781129469,spring-backend-5445d4848-96v8l,319,447
1781129475,angular-frontend-5bcb47ff99-wzt4f,20,10
1781129475,db-7c55cd5598-lwg7z,58,53
1781129475,nginx-proxy-56577655cc-t8qqx,0,2
1781129475,redis-6fcfb5475d-9k4px,6,3
1781129475,shiny-back-5f757895fc-rcp49,1,106
1781129475,shiny-back-analytics-79bb8cff6-wnz6s,1,106
1781129475,shiny-back-analytics-advanced-7c8f5774c6-9lvw5,1,106
1781129475,shiny-back-csv-advanced-bcf4bf9d-vln4k,1,104
1781129475,shiny-back-csv-df7c9968-58p7k,1,106
1781129475,shiny-back-map-8555df7ddb-xxvqv,1,106
1781129475,shiny-back-mc-55685c979d-p7mph,1,106
1781129475,shiny-back-ml-6974d7f8d7-czvjx,1,107
1781129475,shiny-front-98c879f4-lm82w,1,113
1781129475,shiny-front-analytics-746b6bc595-pwwfk,1,181
1781129475,shiny-front-analytics-advanced-7d8f548465-pzbtj,1,189
1781129475,shiny-front-csv-7fd74749f5-h4b9k,1,113
1781129475,shiny-front-csv-advanced-55646d744f-pgjt9,1,113
1781129475,shiny-front-map-f7fbcdc77-zkhbb,1,108
1781129475,shiny-front-mc-7c4bfd44f5-xx42n,1,190
1781129475,shiny-front-ml-74c8cc859d-fdrqw,1,190
1781129475,spring-backend-5445d4848-96v8l,319,447
1781129481,angular-frontend-5bcb47ff99-wzt4f,26,9
1781129481,db-7c55cd5598-lwg7z,79,54
1781129481,nginx-proxy-56577655cc-t8qqx,0,2
1781129481,redis-6fcfb5475d-9k4px,6,3
1781129481,shiny-back-5f757895fc-rcp49,1,106
1781129481,shiny-back-analytics-79bb8cff6-wnz6s,1,106
1781129481,shiny-back-analytics-advanced-7c8f5774c6-9lvw5,1,106
1781129481,shiny-back-csv-advanced-bcf4bf9d-vln4k,1,104
1781129481,shiny-back-csv-df7c9968-58p7k,1,106
1781129481,shiny-back-map-8555df7ddb-xxvqv,1,106
1781129481,shiny-back-mc-55685c979d-p7mph,1,106
1781129481,shiny-back-ml-6974d7f8d7-czvjx,1,107
1781129481,shiny-front-98c879f4-lm82w,1,113
1781129481,shiny-front-analytics-746b6bc595-pwwfk,1,181
1781129481,shiny-front-analytics-advanced-7d8f548465-pzbtj,1,189
1781129481,shiny-front-csv-7fd74749f5-h4b9k,1,113
1781129481,shiny-front-csv-advanced-55646d744f-pgjt9,1,113
1781129481,shiny-front-map-f7fbcdc77-zkhbb,1,108
1781129481,shiny-front-mc-7c4bfd44f5-xx42n,1,190
1781129481,shiny-front-ml-74c8cc859d-fdrqw,1,190
1781129481,spring-backend-5445d4848-96v8l,390,447
1781129486,angular-frontend-5bcb47ff99-wzt4f,26,9
1781129486,db-7c55cd5598-lwg7z,79,54
1781129486,nginx-proxy-56577655cc-t8qqx,0,2
1781129486,redis-6fcfb5475d-9k4px,6,3
1781129486,shiny-back-5f757895fc-rcp49,1,106
1781129486,shiny-back-analytics-79bb8cff6-wnz6s,1,106
1781129486,shiny-back-analytics-advanced-7c8f5774c6-9lvw5,1,106
1781129486,shiny-back-csv-advanced-bcf4bf9d-vln4k,1,104
1781129486,shiny-back-csv-df7c9968-58p7k,1,106
1781129486,shiny-back-map-8555df7ddb-xxvqv,1,106
1781129486,shiny-back-mc-55685c979d-p7mph,1,106
1781129486,shiny-back-ml-6974d7f8d7-czvjx,1,107
1781129486,shiny-front-98c879f4-lm82w,1,113
1781129486,shiny-front-analytics-746b6bc595-pwwfk,1,181
1781129486,shiny-front-analytics-advanced-7d8f548465-pzbtj,1,189
1781129486,shiny-front-csv-7fd74749f5-h4b9k,1,113
1781129486,shiny-front-csv-advanced-55646d744f-pgjt9,1,113
1781129486,shiny-front-map-f7fbcdc77-zkhbb,1,108
1781129486,shiny-front-mc-7c4bfd44f5-xx42n,1,190
1781129486,shiny-front-ml-74c8cc859d-fdrqw,1,190
1781129486,spring-backend-5445d4848-96v8l,390,447
1781129492,angular-frontend-5bcb47ff99-wzt4f,26,9
1781129492,db-7c55cd5598-lwg7z,79,54
1781129492,nginx-proxy-56577655cc-t8qqx,0,2
1781129492,redis-6fcfb5475d-9k4px,6,3
1781129492,shiny-back-5f757895fc-rcp49,1,106
1781129492,shiny-back-analytics-79bb8cff6-wnz6s,1,106
1781129492,shiny-back-analytics-advanced-7c8f5774c6-9lvw5,1,106
1781129492,shiny-back-csv-advanced-bcf4bf9d-vln4k,1,104
1781129492,shiny-back-csv-df7c9968-58p7k,1,106
1781129492,shiny-back-map-8555df7ddb-xxvqv,1,106
1781129492,shiny-back-mc-55685c979d-p7mph,1,106
1781129492,shiny-back-ml-6974d7f8d7-czvjx,1,107
1781129492,shiny-front-98c879f4-lm82w,1,113
1781129492,shiny-front-analytics-746b6bc595-pwwfk,1,181
1781129492,shiny-front-analytics-advanced-7d8f548465-pzbtj,1,189
1781129492,shiny-front-csv-7fd74749f5-h4b9k,1,113
1781129492,shiny-front-csv-advanced-55646d744f-pgjt9,1,113
1781129492,shiny-front-map-f7fbcdc77-zkhbb,1,108
1781129492,shiny-front-mc-7c4bfd44f5-xx42n,1,190
1781129492,shiny-front-ml-74c8cc859d-fdrqw,1,190
1781129492,spring-backend-5445d4848-96v8l,390,447
1781129498,angular-frontend-5bcb47ff99-wzt4f,31,10
1781129498,db-7c55cd5598-lwg7z,86,55
1781129498,nginx-proxy-56577655cc-t8qqx,0,2
1781129498,redis-6fcfb5475d-9k4px,6,3
1781129498,shiny-back-5f757895fc-rcp49,1,106
1781129498,shiny-back-analytics-79bb8cff6-wnz6s,1,106
1781129498,shiny-back-analytics-advanced-7c8f5774c6-9lvw5,1,106
1781129498,shiny-back-csv-advanced-bcf4bf9d-vln4k,1,104
1781129498,shiny-back-csv-df7c9968-58p7k,1,106
1781129498,shiny-back-map-8555df7ddb-xxvqv,1,106
1781129498,shiny-back-mc-55685c979d-p7mph,1,106
1781129498,shiny-back-ml-6974d7f8d7-czvjx,1,107
1781129498,shiny-front-98c879f4-lm82w,1,113
1781129498,shiny-front-analytics-746b6bc595-pwwfk,1,181
1781129498,shiny-front-analytics-advanced-7d8f548465-pzbtj,1,189
1781129498,shiny-front-csv-7fd74749f5-h4b9k,1,113
1781129498,shiny-front-csv-advanced-55646d744f-pgjt9,1,113
1781129498,shiny-front-map-f7fbcdc77-zkhbb,1,108
1781129498,shiny-front-mc-7c4bfd44f5-xx42n,1,190
1781129498,shiny-front-ml-74c8cc859d-fdrqw,1,190
1781129498,spring-backend-5445d4848-96v8l,484,446
1781129503,angular-frontend-5bcb47ff99-wzt4f,31,10
1781129503,db-7c55cd5598-lwg7z,86,55
1781129503,nginx-proxy-56577655cc-t8qqx,0,2
1781129503,redis-6fcfb5475d-9k4px,6,3
1781129503,shiny-back-5f757895fc-rcp49,1,106
1781129503,shiny-back-analytics-79bb8cff6-wnz6s,1,106
1781129503,shiny-back-analytics-advanced-7c8f5774c6-9lvw5,1,106
1781129503,shiny-back-csv-advanced-bcf4bf9d-vln4k,1,104
1781129503,shiny-back-csv-df7c9968-58p7k,1,106
1781129503,shiny-back-map-8555df7ddb-xxvqv,1,106
1781129503,shiny-back-mc-55685c979d-p7mph,1,106
1781129503,shiny-back-ml-6974d7f8d7-czvjx,1,107
1781129503,shiny-front-98c879f4-lm82w,1,113
1781129503,shiny-front-analytics-746b6bc595-pwwfk,1,181
1781129503,shiny-front-analytics-advanced-7d8f548465-pzbtj,1,189
1781129503,shiny-front-csv-7fd74749f5-h4b9k,1,113
1781129503,shiny-front-csv-advanced-55646d744f-pgjt9,1,113
1781129503,shiny-front-map-f7fbcdc77-zkhbb,1,108
1781129503,shiny-front-mc-7c4bfd44f5-xx42n,1,190
1781129503,shiny-front-ml-74c8cc859d-fdrqw,1,190
1781129503,spring-backend-5445d4848-96v8l,484,446
1781129509,angular-frontend-5bcb47ff99-wzt4f,33,10
1781129509,db-7c55cd5598-lwg7z,100,56
1781129509,nginx-proxy-56577655cc-t8qqx,0,2
1781129509,redis-6fcfb5475d-9k4px,6,3
1781129509,shiny-back-5f757895fc-rcp49,1,106
1781129509,shiny-back-analytics-79bb8cff6-wnz6s,1,106
1781129509,shiny-back-analytics-advanced-7c8f5774c6-9lvw5,1,106
1781129509,shiny-back-csv-advanced-bcf4bf9d-vln4k,1,104
1781129509,shiny-back-csv-df7c9968-58p7k,1,106
1781129509,shiny-back-map-8555df7ddb-xxvqv,1,106
1781129509,shiny-back-mc-55685c979d-p7mph,1,106
1781129509,shiny-back-ml-6974d7f8d7-czvjx,1,107
1781129509,shiny-front-98c879f4-lm82w,1,113
1781129509,shiny-front-analytics-746b6bc595-pwwfk,1,181
1781129509,shiny-front-analytics-advanced-7d8f548465-pzbtj,1,189
1781129509,shiny-front-csv-7fd74749f5-h4b9k,1,113
1781129509,shiny-front-csv-advanced-55646d744f-pgjt9,1,113
1781129509,shiny-front-map-f7fbcdc77-zkhbb,1,108
1781129509,shiny-front-mc-7c4bfd44f5-xx42n,1,190
1781129509,shiny-front-ml-74c8cc859d-fdrqw,1,190
1781129509,spring-backend-5445d4848-96v8l,484,446
1781129515,angular-frontend-5bcb47ff99-wzt4f,33,10
1781129515,db-7c55cd5598-lwg7z,100,56
1781129515,nginx-proxy-56577655cc-t8qqx,0,2
1781129515,redis-6fcfb5475d-9k4px,6,3
1781129515,shiny-back-5f757895fc-rcp49,1,106
1781129515,shiny-back-analytics-79bb8cff6-wnz6s,1,106
1781129515,shiny-back-analytics-advanced-7c8f5774c6-9lvw5,1,106
1781129515,shiny-back-csv-advanced-bcf4bf9d-vln4k,1,104
1781129515,shiny-back-csv-df7c9968-58p7k,1,106
1781129515,shiny-back-map-8555df7ddb-xxvqv,1,106
1781129515,shiny-back-mc-55685c979d-p7mph,1,106
1781129515,shiny-back-ml-6974d7f8d7-czvjx,1,107
1781129515,shiny-front-98c879f4-lm82w,1,113
1781129515,shiny-front-analytics-746b6bc595-pwwfk,1,181
1781129515,shiny-front-analytics-advanced-7d8f548465-pzbtj,1,189
1781129515,shiny-front-csv-7fd74749f5-h4b9k,1,113
1781129515,shiny-front-csv-advanced-55646d744f-pgjt9,1,113
1781129515,shiny-front-map-f7fbcdc77-zkhbb,1,108
1781129515,shiny-front-mc-7c4bfd44f5-xx42n,1,190
1781129515,shiny-front-ml-74c8cc859d-fdrqw,1,190
1781129515,spring-backend-5445d4848-96v8l,484,446
1781129520,angular-frontend-5bcb47ff99-wzt4f,33,10
1781129520,db-7c55cd5598-lwg7z,100,56
1781129520,nginx-proxy-56577655cc-t8qqx,0,2
1781129520,redis-6fcfb5475d-9k4px,6,3
1781129520,shiny-back-5f757895fc-rcp49,1,106
1781129520,shiny-back-analytics-79bb8cff6-wnz6s,1,106
1781129520,shiny-back-analytics-advanced-7c8f5774c6-9lvw5,1,106
1781129520,shiny-back-csv-advanced-bcf4bf9d-vln4k,1,104
1781129520,shiny-back-csv-df7c9968-58p7k,1,106
1781129520,shiny-back-map-8555df7ddb-xxvqv,1,106
1781129520,shiny-back-mc-55685c979d-p7mph,1,106
1781129520,shiny-back-ml-6974d7f8d7-czvjx,1,107
1781129520,shiny-front-98c879f4-lm82w,1,113
1781129520,shiny-front-analytics-746b6bc595-pwwfk,1,181
1781129520,shiny-front-analytics-advanced-7d8f548465-pzbtj,1,189
1781129520,shiny-front-csv-7fd74749f5-h4b9k,1,113
1781129520,shiny-front-csv-advanced-55646d744f-pgjt9,1,113
1781129520,shiny-front-map-f7fbcdc77-zkhbb,1,108
1781129520,shiny-front-mc-7c4bfd44f5-xx42n,1,190
1781129520,shiny-front-ml-74c8cc859d-fdrqw,1,190
1781129520,spring-backend-5445d4848-96v8l,484,446
1781129526,angular-frontend-5bcb47ff99-wzt4f,35,10
1781129526,db-7c55cd5598-lwg7z,103,57
1781129526,nginx-proxy-56577655cc-t8qqx,0,2
1781129526,redis-6fcfb5475d-9k4px,6,3
1781129526,shiny-back-5f757895fc-rcp49,1,106
1781129526,shiny-back-analytics-79bb8cff6-wnz6s,1,106
1781129526,shiny-back-analytics-advanced-7c8f5774c6-9lvw5,1,106
1781129526,shiny-back-csv-advanced-bcf4bf9d-vln4k,1,104
1781129526,shiny-back-csv-df7c9968-58p7k,1,106
1781129526,shiny-back-map-8555df7ddb-xxvqv,1,106
1781129526,shiny-back-mc-55685c979d-p7mph,1,106
1781129526,shiny-back-ml-6974d7f8d7-czvjx,1,107
1781129526,shiny-front-98c879f4-lm82w,1,113
1781129526,shiny-front-analytics-746b6bc595-pwwfk,1,181
1781129526,shiny-front-analytics-advanced-7d8f548465-pzbtj,1,189
1781129526,shiny-front-csv-7fd74749f5-h4b9k,1,113
1781129526,shiny-front-csv-advanced-55646d744f-pgjt9,1,113
1781129526,shiny-front-map-f7fbcdc77-zkhbb,1,108
1781129526,shiny-front-mc-7c4bfd44f5-xx42n,1,190
1781129526,shiny-front-ml-74c8cc859d-fdrqw,1,190
1781129526,spring-backend-5445d4848-96v8l,604,447
1781129532,angular-frontend-5bcb47ff99-wzt4f,35,10
1781129532,db-7c55cd5598-lwg7z,103,57
1781129532,nginx-proxy-56577655cc-t8qqx,0,2
1781129532,redis-6fcfb5475d-9k4px,6,3
1781129532,shiny-back-5f757895fc-rcp49,1,106
1781129532,shiny-back-analytics-79bb8cff6-wnz6s,1,106
1781129532,shiny-back-analytics-advanced-7c8f5774c6-9lvw5,1,106
1781129532,shiny-back-csv-advanced-bcf4bf9d-vln4k,1,104
1781129532,shiny-back-csv-df7c9968-58p7k,1,106
1781129532,shiny-back-map-8555df7ddb-xxvqv,1,106
1781129532,shiny-back-mc-55685c979d-p7mph,1,106
1781129532,shiny-back-ml-6974d7f8d7-czvjx,1,107
1781129532,shiny-front-98c879f4-lm82w,1,113
1781129532,shiny-front-analytics-746b6bc595-pwwfk,1,181
1781129532,shiny-front-analytics-advanced-7d8f548465-pzbtj,1,189
1781129532,shiny-front-csv-7fd74749f5-h4b9k,1,113
1781129532,shiny-front-csv-advanced-55646d744f-pgjt9,1,113
1781129532,shiny-front-map-f7fbcdc77-zkhbb,1,108
1781129532,shiny-front-mc-7c4bfd44f5-xx42n,1,190
1781129532,shiny-front-ml-74c8cc859d-fdrqw,1,190
1781129532,spring-backend-5445d4848-96v8l,604,447
1781129538,angular-frontend-5bcb47ff99-wzt4f,35,10
1781129538,db-7c55cd5598-lwg7z,103,57
1781129538,nginx-proxy-56577655cc-t8qqx,0,2
1781129538,redis-6fcfb5475d-9k4px,6,3
1781129538,shiny-back-5f757895fc-rcp49,1,106
1781129538,shiny-back-analytics-79bb8cff6-wnz6s,1,106
1781129538,shiny-back-analytics-advanced-7c8f5774c6-9lvw5,1,106
1781129538,shiny-back-csv-advanced-bcf4bf9d-vln4k,1,104
1781129538,shiny-back-csv-df7c9968-58p7k,1,106
1781129538,shiny-back-map-8555df7ddb-xxvqv,1,106
1781129538,shiny-back-mc-55685c979d-p7mph,1,106
1781129538,shiny-back-ml-6974d7f8d7-czvjx,1,107
1781129538,shiny-front-98c879f4-lm82w,1,113
1781129538,shiny-front-analytics-746b6bc595-pwwfk,1,181
1781129538,shiny-front-analytics-advanced-7d8f548465-pzbtj,1,189
1781129538,shiny-front-csv-7fd74749f5-h4b9k,1,113
1781129538,shiny-front-csv-advanced-55646d744f-pgjt9,1,113
1781129538,shiny-front-map-f7fbcdc77-zkhbb,1,108
1781129538,shiny-front-mc-7c4bfd44f5-xx42n,1,190
1781129538,shiny-front-ml-74c8cc859d-fdrqw,1,190
1781129538,spring-backend-5445d4848-96v8l,604,447
1781129543,angular-frontend-5bcb47ff99-wzt4f,34,10
1781129543,db-7c55cd5598-lwg7z,112,58
1781129543,nginx-proxy-56577655cc-t8qqx,0,2
1781129543,redis-6fcfb5475d-9k4px,6,3
1781129543,shiny-back-5f757895fc-rcp49,1,106
1781129543,shiny-back-analytics-79bb8cff6-wnz6s,1,106
1781129543,shiny-back-analytics-advanced-7c8f5774c6-9lvw5,1,106
1781129543,shiny-back-csv-advanced-bcf4bf9d-vln4k,1,104
1781129543,shiny-back-csv-df7c9968-58p7k,1,106
1781129543,shiny-back-map-8555df7ddb-xxvqv,1,106
1781129543,shiny-back-mc-55685c979d-p7mph,1,106
1781129543,shiny-back-ml-6974d7f8d7-czvjx,1,107
1781129543,shiny-front-98c879f4-lm82w,1,113
1781129543,shiny-front-analytics-746b6bc595-pwwfk,1,181
1781129543,shiny-front-analytics-advanced-7d8f548465-pzbtj,1,189
1781129543,shiny-front-csv-7fd74749f5-h4b9k,1,113
1781129543,shiny-front-csv-advanced-55646d744f-pgjt9,1,113
1781129543,shiny-front-map-f7fbcdc77-zkhbb,1,108
1781129543,shiny-front-mc-7c4bfd44f5-xx42n,1,190
1781129543,shiny-front-ml-74c8cc859d-fdrqw,1,190
1781129543,spring-backend-5445d4848-96v8l,556,447
1781129549,angular-frontend-5bcb47ff99-wzt4f,34,10
1781129549,db-7c55cd5598-lwg7z,112,58
1781129549,nginx-proxy-56577655cc-t8qqx,0,2
1781129549,redis-6fcfb5475d-9k4px,6,3
1781129549,shiny-back-5f757895fc-rcp49,1,106
1781129549,shiny-back-analytics-79bb8cff6-wnz6s,1,106
1781129549,shiny-back-analytics-advanced-7c8f5774c6-9lvw5,1,106
1781129549,shiny-back-csv-advanced-bcf4bf9d-vln4k,1,104
1781129549,shiny-back-csv-df7c9968-58p7k,1,106
1781129549,shiny-back-map-8555df7ddb-xxvqv,1,106
1781129549,shiny-back-mc-55685c979d-p7mph,1,106
1781129549,shiny-back-ml-6974d7f8d7-czvjx,1,107
1781129549,shiny-front-98c879f4-lm82w,1,113
1781129549,shiny-front-analytics-746b6bc595-pwwfk,1,181
1781129549,shiny-front-analytics-advanced-7d8f548465-pzbtj,1,189
1781129549,shiny-front-csv-7fd74749f5-h4b9k,1,113
1781129549,shiny-front-csv-advanced-55646d744f-pgjt9,1,113
1781129549,shiny-front-map-f7fbcdc77-zkhbb,1,108
1781129549,shiny-front-mc-7c4bfd44f5-xx42n,1,190
1781129549,shiny-front-ml-74c8cc859d-fdrqw,1,190
1781129549,spring-backend-5445d4848-96v8l,556,447
1781129555,angular-frontend-5bcb47ff99-wzt4f,31,9
1781129555,db-7c55cd5598-lwg7z,92,56
1781129555,nginx-proxy-56577655cc-t8qqx,0,2
1781129555,redis-6fcfb5475d-9k4px,6,3
1781129555,shiny-back-5f757895fc-rcp49,1,106
1781129555,shiny-back-analytics-79bb8cff6-wnz6s,1,106
1781129555,shiny-back-analytics-advanced-7c8f5774c6-9lvw5,1,106
1781129555,shiny-back-csv-advanced-bcf4bf9d-vln4k,1,104
1781129555,shiny-back-csv-df7c9968-58p7k,1,106
1781129555,shiny-back-map-8555df7ddb-xxvqv,1,106
1781129555,shiny-back-mc-55685c979d-p7mph,1,106
1781129555,shiny-back-ml-6974d7f8d7-czvjx,1,107
1781129555,shiny-front-98c879f4-lm82w,1,113
1781129555,shiny-front-analytics-746b6bc595-pwwfk,1,181
1781129555,shiny-front-analytics-advanced-7d8f548465-pzbtj,1,189
1781129555,shiny-front-csv-7fd74749f5-h4b9k,1,113
1781129555,shiny-front-csv-advanced-55646d744f-pgjt9,1,113
1781129555,shiny-front-map-f7fbcdc77-zkhbb,1,108
1781129555,shiny-front-mc-7c4bfd44f5-xx42n,1,190
1781129555,shiny-front-ml-74c8cc859d-fdrqw,1,190
1781129555,spring-backend-5445d4848-96v8l,525,447
1781129561,angular-frontend-5bcb47ff99-wzt4f,31,9
1781129561,db-7c55cd5598-lwg7z,92,56
1781129561,nginx-proxy-56577655cc-t8qqx,0,2
1781129561,redis-6fcfb5475d-9k4px,6,3
1781129561,shiny-back-5f757895fc-rcp49,1,106
1781129561,shiny-back-analytics-79bb8cff6-wnz6s,1,106
1781129561,shiny-back-analytics-advanced-7c8f5774c6-9lvw5,1,106
1781129561,shiny-back-csv-advanced-bcf4bf9d-vln4k,1,104
1781129561,shiny-back-csv-df7c9968-58p7k,1,106
1781129561,shiny-back-map-8555df7ddb-xxvqv,1,106
1781129561,shiny-back-mc-55685c979d-p7mph,1,106
1781129561,shiny-back-ml-6974d7f8d7-czvjx,1,107
1781129561,shiny-front-98c879f4-lm82w,1,113
1781129561,shiny-front-analytics-746b6bc595-pwwfk,1,181
1781129561,shiny-front-analytics-advanced-7d8f548465-pzbtj,1,189
1781129561,shiny-front-csv-7fd74749f5-h4b9k,1,113
1781129561,shiny-front-csv-advanced-55646d744f-pgjt9,1,113
1781129561,shiny-front-map-f7fbcdc77-zkhbb,1,108
1781129561,shiny-front-mc-7c4bfd44f5-xx42n,1,190
1781129561,shiny-front-ml-74c8cc859d-fdrqw,1,190
1781129561,spring-backend-5445d4848-96v8l,525,447
1781129566,angular-frontend-5bcb47ff99-wzt4f,31,9
1781129566,db-7c55cd5598-lwg7z,92,56
1781129566,nginx-proxy-56577655cc-t8qqx,0,2
1781129566,redis-6fcfb5475d-9k4px,6,3
1781129566,shiny-back-5f757895fc-rcp49,1,106
1781129566,shiny-back-analytics-79bb8cff6-wnz6s,1,106
1781129566,shiny-back-analytics-advanced-7c8f5774c6-9lvw5,1,106
1781129566,shiny-back-csv-advanced-bcf4bf9d-vln4k,1,104
1781129566,shiny-back-csv-df7c9968-58p7k,1,106
1781129566,shiny-back-map-8555df7ddb-xxvqv,1,106
1781129566,shiny-back-mc-55685c979d-p7mph,1,106
1781129566,shiny-back-ml-6974d7f8d7-czvjx,1,107
1781129566,shiny-front-98c879f4-lm82w,1,113
1781129566,shiny-front-analytics-746b6bc595-pwwfk,1,181
1781129566,shiny-front-analytics-advanced-7d8f548465-pzbtj,1,189
1781129566,shiny-front-csv-7fd74749f5-h4b9k,1,113
1781129566,shiny-front-csv-advanced-55646d744f-pgjt9,1,113
1781129566,shiny-front-map-f7fbcdc77-zkhbb,1,108
1781129566,shiny-front-mc-7c4bfd44f5-xx42n,1,190
1781129566,shiny-front-ml-74c8cc859d-fdrqw,1,190
1781129566,spring-backend-5445d4848-96v8l,525,447
1781129572,angular-frontend-5bcb47ff99-wzt4f,27,9
1781129572,db-7c55cd5598-lwg7z,88,57
1781129572,nginx-proxy-56577655cc-t8qqx,0,2
1781129572,redis-6fcfb5475d-9k4px,6,3
1781129572,shiny-back-5f757895fc-rcp49,1,106
1781129572,shiny-back-analytics-79bb8cff6-wnz6s,1,106
1781129572,shiny-back-analytics-advanced-7c8f5774c6-9lvw5,1,106
1781129572,shiny-back-csv-advanced-bcf4bf9d-vln4k,1,104
1781129572,shiny-back-csv-df7c9968-58p7k,1,106
1781129572,shiny-back-map-8555df7ddb-xxvqv,1,106
1781129572,shiny-back-mc-55685c979d-p7mph,1,106
1781129572,shiny-back-ml-6974d7f8d7-czvjx,1,107
1781129572,shiny-front-98c879f4-lm82w,1,113
1781129572,shiny-front-analytics-746b6bc595-pwwfk,1,181
1781129572,shiny-front-analytics-advanced-7d8f548465-pzbtj,1,189
1781129572,shiny-front-csv-7fd74749f5-h4b9k,1,113
1781129572,shiny-front-csv-advanced-55646d744f-pgjt9,1,113
1781129572,shiny-front-map-f7fbcdc77-zkhbb,1,108
1781129572,shiny-front-mc-7c4bfd44f5-xx42n,1,190
1781129572,shiny-front-ml-74c8cc859d-fdrqw,1,190
1781129572,spring-backend-5445d4848-96v8l,408,447
1781129578,angular-frontend-5bcb47ff99-wzt4f,27,9
1781129578,db-7c55cd5598-lwg7z,88,57
1781129578,nginx-proxy-56577655cc-t8qqx,0,2
1781129578,redis-6fcfb5475d-9k4px,6,3
1781129578,shiny-back-5f757895fc-rcp49,1,106
1781129578,shiny-back-analytics-79bb8cff6-wnz6s,1,106
1781129578,shiny-back-analytics-advanced-7c8f5774c6-9lvw5,1,106
1781129578,shiny-back-csv-advanced-bcf4bf9d-vln4k,1,104
1781129578,shiny-back-csv-df7c9968-58p7k,1,106
1781129578,shiny-back-map-8555df7ddb-xxvqv,1,106
1781129578,shiny-back-mc-55685c979d-p7mph,1,106
1781129578,shiny-back-ml-6974d7f8d7-czvjx,1,107
1781129578,shiny-front-98c879f4-lm82w,1,113
1781129578,shiny-front-analytics-746b6bc595-pwwfk,1,181
1781129578,shiny-front-analytics-advanced-7d8f548465-pzbtj,1,189
1781129578,shiny-front-csv-7fd74749f5-h4b9k,1,113
1781129578,shiny-front-csv-advanced-55646d744f-pgjt9,1,113
1781129578,shiny-front-map-f7fbcdc77-zkhbb,1,108
1781129578,shiny-front-mc-7c4bfd44f5-xx42n,1,190
1781129578,shiny-front-ml-74c8cc859d-fdrqw,1,190
1781129578,spring-backend-5445d4848-96v8l,408,447
1781129583,angular-frontend-5bcb47ff99-wzt4f,27,9
1781129583,db-7c55cd5598-lwg7z,88,57
1781129583,nginx-proxy-56577655cc-t8qqx,0,2
1781129583,redis-6fcfb5475d-9k4px,6,3
1781129583,shiny-back-5f757895fc-rcp49,1,106
1781129583,shiny-back-analytics-79bb8cff6-wnz6s,1,106
1781129583,shiny-back-analytics-advanced-7c8f5774c6-9lvw5,1,106
1781129583,shiny-back-csv-advanced-bcf4bf9d-vln4k,1,104
1781129583,shiny-back-csv-df7c9968-58p7k,1,106
1781129583,shiny-back-map-8555df7ddb-xxvqv,1,106
1781129583,shiny-back-mc-55685c979d-p7mph,1,106
1781129583,shiny-back-ml-6974d7f8d7-czvjx,1,107
1781129583,shiny-front-98c879f4-lm82w,1,113
1781129583,shiny-front-analytics-746b6bc595-pwwfk,1,181
1781129583,shiny-front-analytics-advanced-7d8f548465-pzbtj,1,189
1781129583,shiny-front-csv-7fd74749f5-h4b9k,1,113
1781129583,shiny-front-csv-advanced-55646d744f-pgjt9,1,113
1781129583,shiny-front-map-f7fbcdc77-zkhbb,1,108
1781129583,shiny-front-mc-7c4bfd44f5-xx42n,1,190
1781129583,shiny-front-ml-74c8cc859d-fdrqw,1,190
1781129583,spring-backend-5445d4848-96v8l,408,447
1781129589,angular-frontend-5bcb47ff99-wzt4f,22,10
1781129589,db-7c55cd5598-lwg7z,70,56
1781129589,nginx-proxy-56577655cc-t8qqx,0,2
1781129589,redis-6fcfb5475d-9k4px,6,3
1781129589,shiny-back-5f757895fc-rcp49,1,106
1781129589,shiny-back-analytics-79bb8cff6-wnz6s,1,106
1781129589,shiny-back-analytics-advanced-7c8f5774c6-9lvw5,1,106
1781129589,shiny-back-csv-advanced-bcf4bf9d-vln4k,1,104
1781129589,shiny-back-csv-df7c9968-58p7k,1,106
1781129589,shiny-back-map-8555df7ddb-xxvqv,1,106
1781129589,shiny-back-mc-55685c979d-p7mph,1,106
1781129589,shiny-back-ml-6974d7f8d7-czvjx,1,107
1781129589,shiny-front-98c879f4-lm82w,1,113
1781129589,shiny-front-analytics-746b6bc595-pwwfk,1,181
1781129589,shiny-front-analytics-advanced-7d8f548465-pzbtj,1,189
1781129589,shiny-front-csv-7fd74749f5-h4b9k,1,113
1781129589,shiny-front-csv-advanced-55646d744f-pgjt9,1,113
1781129589,shiny-front-map-f7fbcdc77-zkhbb,1,108
1781129589,shiny-front-mc-7c4bfd44f5-xx42n,1,190
1781129589,shiny-front-ml-74c8cc859d-fdrqw,1,190
1781129589,spring-backend-5445d4848-96v8l,318,447
1781129595,angular-frontend-5bcb47ff99-wzt4f,22,10
1781129595,db-7c55cd5598-lwg7z,70,56
1781129595,nginx-proxy-56577655cc-t8qqx,0,2
1781129595,redis-6fcfb5475d-9k4px,6,3
1781129595,shiny-back-5f757895fc-rcp49,1,106
1781129595,shiny-back-analytics-79bb8cff6-wnz6s,1,106
1781129595,shiny-back-analytics-advanced-7c8f5774c6-9lvw5,1,106
1781129595,shiny-back-csv-advanced-bcf4bf9d-vln4k,1,104
1781129595,shiny-back-csv-df7c9968-58p7k,1,106
1781129595,shiny-back-map-8555df7ddb-xxvqv,1,106
1781129595,shiny-back-mc-55685c979d-p7mph,1,106
1781129595,shiny-back-ml-6974d7f8d7-czvjx,1,107
1781129595,shiny-front-98c879f4-lm82w,1,113
1781129595,shiny-front-analytics-746b6bc595-pwwfk,1,181
1781129595,shiny-front-analytics-advanced-7d8f548465-pzbtj,1,189
1781129595,shiny-front-csv-7fd74749f5-h4b9k,1,113
1781129595,shiny-front-csv-advanced-55646d744f-pgjt9,1,113
1781129595,shiny-front-map-f7fbcdc77-zkhbb,1,108
1781129595,shiny-front-mc-7c4bfd44f5-xx42n,1,190
1781129595,shiny-front-ml-74c8cc859d-fdrqw,1,190
1781129595,spring-backend-5445d4848-96v8l,318,447
1781129601,angular-frontend-5bcb47ff99-wzt4f,15,9
1781129601,db-7c55cd5598-lwg7z,54,57
1781129601,nginx-proxy-56577655cc-t8qqx,0,2
1781129601,redis-6fcfb5475d-9k4px,7,3
1781129601,shiny-back-5f757895fc-rcp49,1,106
1781129601,shiny-back-analytics-79bb8cff6-wnz6s,1,106
1781129601,shiny-back-analytics-advanced-7c8f5774c6-9lvw5,1,106
1781129601,shiny-back-csv-advanced-bcf4bf9d-vln4k,1,104
1781129601,shiny-back-csv-df7c9968-58p7k,1,106
1781129601,shiny-back-map-8555df7ddb-xxvqv,1,106
1781129601,shiny-back-mc-55685c979d-p7mph,1,106
1781129601,shiny-back-ml-6974d7f8d7-czvjx,1,107
1781129601,shiny-front-98c879f4-lm82w,1,113
1781129601,shiny-front-analytics-746b6bc595-pwwfk,1,181
1781129601,shiny-front-analytics-advanced-7d8f548465-pzbtj,1,189
1781129601,shiny-front-csv-7fd74749f5-h4b9k,1,113
1781129601,shiny-front-csv-advanced-55646d744f-pgjt9,1,113
1781129601,shiny-front-map-f7fbcdc77-zkhbb,1,108
1781129601,shiny-front-mc-7c4bfd44f5-xx42n,1,190
1781129601,shiny-front-ml-74c8cc859d-fdrqw,1,190
1781129601,spring-backend-5445d4848-96v8l,218,447
1781129606,angular-frontend-5bcb47ff99-wzt4f,15,9
1781129606,db-7c55cd5598-lwg7z,54,57
1781129606,nginx-proxy-56577655cc-t8qqx,0,2
1781129606,redis-6fcfb5475d-9k4px,7,3
1781129606,shiny-back-5f757895fc-rcp49,1,106
1781129606,shiny-back-analytics-79bb8cff6-wnz6s,1,106
1781129606,shiny-back-analytics-advanced-7c8f5774c6-9lvw5,1,106
1781129606,shiny-back-csv-advanced-bcf4bf9d-vln4k,1,104
1781129606,shiny-back-csv-df7c9968-58p7k,1,106
1781129606,shiny-back-map-8555df7ddb-xxvqv,1,106
1781129606,shiny-back-mc-55685c979d-p7mph,1,106
1781129606,shiny-back-ml-6974d7f8d7-czvjx,1,107
1781129606,shiny-front-98c879f4-lm82w,1,113
1781129606,shiny-front-analytics-746b6bc595-pwwfk,1,181
1781129606,shiny-front-analytics-advanced-7d8f548465-pzbtj,1,189
1781129606,shiny-front-csv-7fd74749f5-h4b9k,1,113
1781129606,shiny-front-csv-advanced-55646d744f-pgjt9,1,113
1781129606,shiny-front-map-f7fbcdc77-zkhbb,1,108
1781129606,shiny-front-mc-7c4bfd44f5-xx42n,1,190
1781129606,shiny-front-ml-74c8cc859d-fdrqw,1,190
1781129606,spring-backend-5445d4848-96v8l,218,447
1781129612,angular-frontend-5bcb47ff99-wzt4f,15,9
1781129612,db-7c55cd5598-lwg7z,54,57
1781129612,nginx-proxy-56577655cc-t8qqx,0,2
1781129612,redis-6fcfb5475d-9k4px,7,3
1781129612,shiny-back-5f757895fc-rcp49,1,106
1781129612,shiny-back-analytics-79bb8cff6-wnz6s,1,106
1781129612,shiny-back-analytics-advanced-7c8f5774c6-9lvw5,1,106
1781129612,shiny-back-csv-advanced-bcf4bf9d-vln4k,1,104
1781129612,shiny-back-csv-df7c9968-58p7k,1,106
1781129612,shiny-back-map-8555df7ddb-xxvqv,1,106
1781129612,shiny-back-mc-55685c979d-p7mph,1,106
1781129612,shiny-back-ml-6974d7f8d7-czvjx,1,107
1781129612,shiny-front-98c879f4-lm82w,1,113
1781129612,shiny-front-analytics-746b6bc595-pwwfk,1,181
1781129612,shiny-front-analytics-advanced-7d8f548465-pzbtj,1,189
1781129612,shiny-front-csv-7fd74749f5-h4b9k,1,113
1781129612,shiny-front-csv-advanced-55646d744f-pgjt9,1,113
1781129612,shiny-front-map-f7fbcdc77-zkhbb,1,108
1781129612,shiny-front-mc-7c4bfd44f5-xx42n,1,190
1781129612,shiny-front-ml-74c8cc859d-fdrqw,1,190
1781129612,spring-backend-5445d4848-96v8l,218,447
1781129618,angular-frontend-5bcb47ff99-wzt4f,5,9
1781129618,db-7c55cd5598-lwg7z,13,57
1781129618,nginx-proxy-56577655cc-t8qqx,0,2
1781129618,redis-6fcfb5475d-9k4px,6,3
1781129618,shiny-back-5f757895fc-rcp49,1,106
1781129618,shiny-back-analytics-79bb8cff6-wnz6s,1,106
1781129618,shiny-back-analytics-advanced-7c8f5774c6-9lvw5,1,106
1781129618,shiny-back-csv-advanced-bcf4bf9d-vln4k,1,104
1781129618,shiny-back-csv-df7c9968-58p7k,1,106
1781129618,shiny-back-map-8555df7ddb-xxvqv,1,106
1781129618,shiny-back-mc-55685c979d-p7mph,1,106
1781129618,shiny-back-ml-6974d7f8d7-czvjx,1,107
1781129618,shiny-front-98c879f4-lm82w,1,113
1781129618,shiny-front-analytics-746b6bc595-pwwfk,1,181
1781129618,shiny-front-analytics-advanced-7d8f548465-pzbtj,1,189
1781129618,shiny-front-csv-7fd74749f5-h4b9k,1,113
1781129618,shiny-front-csv-advanced-55646d744f-pgjt9,1,113
1781129618,shiny-front-map-f7fbcdc77-zkhbb,1,108
1781129618,shiny-front-mc-7c4bfd44f5-xx42n,1,190
1781129618,shiny-front-ml-74c8cc859d-fdrqw,1,190
1781129618,spring-backend-5445d4848-96v8l,101,447
1781129624,angular-frontend-5bcb47ff99-wzt4f,5,9
1781129624,db-7c55cd5598-lwg7z,13,57
1781129624,nginx-proxy-56577655cc-t8qqx,0,2
1781129624,redis-6fcfb5475d-9k4px,6,3
1781129624,shiny-back-5f757895fc-rcp49,1,106
1781129624,shiny-back-analytics-79bb8cff6-wnz6s,1,106
1781129624,shiny-back-analytics-advanced-7c8f5774c6-9lvw5,1,106
1781129624,shiny-back-csv-advanced-bcf4bf9d-vln4k,1,104
1781129624,shiny-back-csv-df7c9968-58p7k,1,106
1781129624,shiny-back-map-8555df7ddb-xxvqv,1,106
1781129624,shiny-back-mc-55685c979d-p7mph,1,106
1781129624,shiny-back-ml-6974d7f8d7-czvjx,1,107
1781129624,shiny-front-98c879f4-lm82w,1,113
1781129624,shiny-front-analytics-746b6bc595-pwwfk,1,181
1781129624,shiny-front-analytics-advanced-7d8f548465-pzbtj,1,189
1781129624,shiny-front-csv-7fd74749f5-h4b9k,1,113
1781129624,shiny-front-csv-advanced-55646d744f-pgjt9,1,113
1781129624,shiny-front-map-f7fbcdc77-zkhbb,1,108
1781129624,shiny-front-mc-7c4bfd44f5-xx42n,1,190
1781129624,shiny-front-ml-74c8cc859d-fdrqw,1,190
1781129624,spring-backend-5445d4848-96v8l,101,447
1781129630,angular-frontend-5bcb47ff99-wzt4f,6,9
1781129630,db-7c55cd5598-lwg7z,13,57
1781129630,nginx-proxy-56577655cc-t8qqx,0,2
1781129630,redis-6fcfb5475d-9k4px,7,3
1781129630,shiny-back-5f757895fc-rcp49,1,106
1781129630,shiny-back-analytics-79bb8cff6-wnz6s,1,106
1781129630,shiny-back-analytics-advanced-7c8f5774c6-9lvw5,1,106
1781129630,shiny-back-csv-advanced-bcf4bf9d-vln4k,2,104
1781129630,shiny-back-csv-df7c9968-58p7k,1,106
1781129630,shiny-back-map-8555df7ddb-xxvqv,2,106
1781129630,shiny-back-mc-55685c979d-p7mph,8,117
1781129630,shiny-back-ml-6974d7f8d7-czvjx,1,107
1781129630,shiny-front-98c879f4-lm82w,1,113
1781129630,shiny-front-analytics-746b6bc595-pwwfk,1,181
1781129630,shiny-front-analytics-advanced-7d8f548465-pzbtj,1,189
1781129630,shiny-front-csv-7fd74749f5-h4b9k,1,113
1781129630,shiny-front-csv-advanced-55646d744f-pgjt9,1,113
1781129630,shiny-front-map-f7fbcdc77-zkhbb,1,108
1781129630,shiny-front-mc-7c4bfd44f5-xx42n,1,190
1781129630,shiny-front-ml-74c8cc859d-fdrqw,1,190
1781129630,spring-backend-5445d4848-96v8l,305,447
1781129635,angular-frontend-5bcb47ff99-wzt4f,6,9
1781129635,db-7c55cd5598-lwg7z,13,57
1781129635,nginx-proxy-56577655cc-t8qqx,0,2
1781129635,redis-6fcfb5475d-9k4px,7,3
1781129635,shiny-back-5f757895fc-rcp49,1,106
1781129635,shiny-back-analytics-79bb8cff6-wnz6s,1,106
1781129635,shiny-back-analytics-advanced-7c8f5774c6-9lvw5,1,106
1781129635,shiny-back-csv-advanced-bcf4bf9d-vln4k,2,104
1781129635,shiny-back-csv-df7c9968-58p7k,1,106
1781129635,shiny-back-map-8555df7ddb-xxvqv,2,106
1781129635,shiny-back-mc-55685c979d-p7mph,8,117
1781129635,shiny-back-ml-6974d7f8d7-czvjx,1,107
1781129635,shiny-front-98c879f4-lm82w,1,113
1781129635,shiny-front-analytics-746b6bc595-pwwfk,1,181
1781129635,shiny-front-analytics-advanced-7d8f548465-pzbtj,1,189
1781129635,shiny-front-csv-7fd74749f5-h4b9k,1,113
1781129635,shiny-front-csv-advanced-55646d744f-pgjt9,1,113
1781129635,shiny-front-map-f7fbcdc77-zkhbb,1,108
1781129635,shiny-front-mc-7c4bfd44f5-xx42n,1,190
1781129635,shiny-front-ml-74c8cc859d-fdrqw,1,190
1781129635,spring-backend-5445d4848-96v8l,305,447
1781129641,angular-frontend-5bcb47ff99-wzt4f,6,9
1781129641,db-7c55cd5598-lwg7z,13,57
1781129641,nginx-proxy-56577655cc-t8qqx,0,2
1781129641,redis-6fcfb5475d-9k4px,7,3
1781129641,shiny-back-5f757895fc-rcp49,1,106
1781129641,shiny-back-analytics-79bb8cff6-wnz6s,1,106
1781129641,shiny-back-analytics-advanced-7c8f5774c6-9lvw5,1,106
1781129641,shiny-back-csv-advanced-bcf4bf9d-vln4k,2,104
1781129641,shiny-back-csv-df7c9968-58p7k,1,106
1781129641,shiny-back-map-8555df7ddb-xxvqv,2,106
1781129641,shiny-back-mc-55685c979d-p7mph,8,117
1781129641,shiny-back-ml-6974d7f8d7-czvjx,1,107
1781129641,shiny-front-98c879f4-lm82w,1,113
1781129641,shiny-front-analytics-746b6bc595-pwwfk,1,181
1781129641,shiny-front-analytics-advanced-7d8f548465-pzbtj,1,189
1781129641,shiny-front-csv-7fd74749f5-h4b9k,1,113
1781129641,shiny-front-csv-advanced-55646d744f-pgjt9,1,113
1781129641,shiny-front-map-f7fbcdc77-zkhbb,1,108
1781129641,shiny-front-mc-7c4bfd44f5-xx42n,1,190
1781129641,shiny-front-ml-74c8cc859d-fdrqw,1,190
1781129641,spring-backend-5445d4848-96v8l,305,447
1781129647,angular-frontend-5bcb47ff99-wzt4f,8,8
1781129647,db-7c55cd5598-lwg7z,15,58
1781129647,nginx-proxy-56577655cc-t8qqx,0,2
1781129647,redis-6fcfb5475d-9k4px,7,3
1781129647,shiny-back-5f757895fc-rcp49,1,106
1781129647,shiny-back-analytics-79bb8cff6-wnz6s,2,106
1781129647,shiny-back-analytics-advanced-7c8f5774c6-9lvw5,1,106
1781129647,shiny-back-csv-advanced-bcf4bf9d-vln4k,3,105
1781129647,shiny-back-csv-df7c9968-58p7k,2,106
1781129647,shiny-back-map-8555df7ddb-xxvqv,2,106
1781129647,shiny-back-mc-55685c979d-p7mph,9,123
1781129647,shiny-back-ml-6974d7f8d7-czvjx,303,273
1781129647,shiny-front-98c879f4-lm82w,1,113
1781129647,shiny-front-analytics-746b6bc595-pwwfk,1,181
1781129647,shiny-front-analytics-advanced-7d8f548465-pzbtj,1,189
1781129647,shiny-front-csv-7fd74749f5-h4b9k,1,113
1781129647,shiny-front-csv-advanced-55646d744f-pgjt9,1,113
1781129647,shiny-front-map-f7fbcdc77-zkhbb,1,108
1781129647,shiny-front-mc-7c4bfd44f5-xx42n,1,190
1781129647,shiny-front-ml-74c8cc859d-fdrqw,1,190
1781129647,spring-backend-5445d4848-96v8l,330,447
1781129652,angular-frontend-5bcb47ff99-wzt4f,8,8
1781129652,db-7c55cd5598-lwg7z,15,58
1781129652,nginx-proxy-56577655cc-t8qqx,0,2
1781129652,redis-6fcfb5475d-9k4px,7,3
1781129652,shiny-back-5f757895fc-rcp49,1,106
1781129652,shiny-back-analytics-79bb8cff6-wnz6s,2,106
1781129652,shiny-back-analytics-advanced-7c8f5774c6-9lvw5,1,106
1781129652,shiny-back-csv-advanced-bcf4bf9d-vln4k,3,105
1781129652,shiny-back-csv-df7c9968-58p7k,2,106
1781129652,shiny-back-map-8555df7ddb-xxvqv,2,106
1781129652,shiny-back-mc-55685c979d-p7mph,9,123
1781129652,shiny-back-ml-6974d7f8d7-czvjx,303,273
1781129652,shiny-front-98c879f4-lm82w,1,113
1781129652,shiny-front-analytics-746b6bc595-pwwfk,1,181
1781129652,shiny-front-analytics-advanced-7d8f548465-pzbtj,1,189
1781129652,shiny-front-csv-7fd74749f5-h4b9k,1,113
1781129652,shiny-front-csv-advanced-55646d744f-pgjt9,1,113
1781129652,shiny-front-map-f7fbcdc77-zkhbb,1,108
1781129652,shiny-front-mc-7c4bfd44f5-xx42n,1,190
1781129652,shiny-front-ml-74c8cc859d-fdrqw,1,190
1781129652,spring-backend-5445d4848-96v8l,330,447
1781129658,angular-frontend-5bcb47ff99-wzt4f,8,8
1781129658,db-7c55cd5598-lwg7z,15,58
1781129658,nginx-proxy-56577655cc-t8qqx,0,2
1781129658,redis-6fcfb5475d-9k4px,7,3
1781129658,shiny-back-5f757895fc-rcp49,1,106
1781129658,shiny-back-analytics-79bb8cff6-wnz6s,2,106
1781129658,shiny-back-analytics-advanced-7c8f5774c6-9lvw5,1,106
1781129658,shiny-back-csv-advanced-bcf4bf9d-vln4k,3,105
1781129658,shiny-back-csv-df7c9968-58p7k,2,106
1781129658,shiny-back-map-8555df7ddb-xxvqv,2,106
1781129658,shiny-back-mc-55685c979d-p7mph,9,123
1781129658,shiny-back-ml-6974d7f8d7-czvjx,303,273
1781129658,shiny-front-98c879f4-lm82w,1,113
1781129658,shiny-front-analytics-746b6bc595-pwwfk,1,181
1781129658,shiny-front-analytics-advanced-7d8f548465-pzbtj,1,189
1781129658,shiny-front-csv-7fd74749f5-h4b9k,1,113
1781129658,shiny-front-csv-advanced-55646d744f-pgjt9,1,113
1781129658,shiny-front-map-f7fbcdc77-zkhbb,1,108
1781129658,shiny-front-mc-7c4bfd44f5-xx42n,1,190
1781129658,shiny-front-ml-74c8cc859d-fdrqw,1,190
1781129658,spring-backend-5445d4848-96v8l,330,447
1781129664,angular-frontend-5bcb47ff99-wzt4f,4,8
1781129664,db-7c55cd5598-lwg7z,8,57
1781129664,nginx-proxy-56577655cc-t8qqx,0,2
1781129664,redis-6fcfb5475d-9k4px,7,3
1781129664,shiny-back-5f757895fc-rcp49,1,106
1781129664,shiny-back-analytics-79bb8cff6-wnz6s,1,106
1781129664,shiny-back-analytics-advanced-7c8f5774c6-9lvw5,1,106
1781129664,shiny-back-csv-advanced-bcf4bf9d-vln4k,2,105
1781129664,shiny-back-csv-df7c9968-58p7k,1,106
1781129664,shiny-back-map-8555df7ddb-xxvqv,1,106
1781129664,shiny-back-mc-55685c979d-p7mph,11,142
1781129664,shiny-back-ml-6974d7f8d7-czvjx,300,281
1781129664,shiny-front-98c879f4-lm82w,1,113
1781129664,shiny-front-analytics-746b6bc595-pwwfk,1,181
1781129664,shiny-front-analytics-advanced-7d8f548465-pzbtj,1,189
1781129664,shiny-front-csv-7fd74749f5-h4b9k,1,113
1781129664,shiny-front-csv-advanced-55646d744f-pgjt9,1,113
1781129664,shiny-front-map-f7fbcdc77-zkhbb,1,108
1781129664,shiny-front-mc-7c4bfd44f5-xx42n,1,190
1781129664,shiny-front-ml-74c8cc859d-fdrqw,1,190
1781129664,spring-backend-5445d4848-96v8l,270,447
1781129669,angular-frontend-5bcb47ff99-wzt4f,4,8
1781129669,db-7c55cd5598-lwg7z,8,57
1781129669,nginx-proxy-56577655cc-t8qqx,0,2
1781129669,redis-6fcfb5475d-9k4px,7,3
1781129669,shiny-back-5f757895fc-rcp49,1,106
1781129669,shiny-back-analytics-79bb8cff6-wnz6s,1,106
1781129669,shiny-back-analytics-advanced-7c8f5774c6-9lvw5,1,106
1781129669,shiny-back-csv-advanced-bcf4bf9d-vln4k,2,105
1781129669,shiny-back-csv-df7c9968-58p7k,1,106
1781129669,shiny-back-map-8555df7ddb-xxvqv,1,106
1781129669,shiny-back-mc-55685c979d-p7mph,11,142
1781129669,shiny-back-ml-6974d7f8d7-czvjx,300,281
1781129669,shiny-front-98c879f4-lm82w,1,113
1781129669,shiny-front-analytics-746b6bc595-pwwfk,1,181
1781129669,shiny-front-analytics-advanced-7d8f548465-pzbtj,1,189
1781129669,shiny-front-csv-7fd74749f5-h4b9k,1,113
1781129669,shiny-front-csv-advanced-55646d744f-pgjt9,1,113
1781129669,shiny-front-map-f7fbcdc77-zkhbb,1,108
1781129669,shiny-front-mc-7c4bfd44f5-xx42n,1,190
1781129669,shiny-front-ml-74c8cc859d-fdrqw,1,190
1781129669,spring-backend-5445d4848-96v8l,270,447
1781129675,angular-frontend-5bcb47ff99-wzt4f,4,8
1781129675,db-7c55cd5598-lwg7z,2,57
1781129675,nginx-proxy-56577655cc-t8qqx,0,2
1781129675,redis-6fcfb5475d-9k4px,7,3
1781129675,shiny-back-5f757895fc-rcp49,1,106
1781129675,shiny-back-analytics-79bb8cff6-wnz6s,1,106
1781129675,shiny-back-analytics-advanced-7c8f5774c6-9lvw5,1,106
1781129675,shiny-back-csv-advanced-bcf4bf9d-vln4k,1,104
1781129675,shiny-back-csv-df7c9968-58p7k,1,106
1781129675,shiny-back-map-8555df7ddb-xxvqv,1,106
1781129675,shiny-back-mc-55685c979d-p7mph,2,142
1781129675,shiny-back-ml-6974d7f8d7-czvjx,301,281
1781129675,shiny-front-98c879f4-lm82w,1,113
1781129675,shiny-front-analytics-746b6bc595-pwwfk,1,181
1781129675,shiny-front-analytics-advanced-7d8f548465-pzbtj,1,189
1781129675,shiny-front-csv-7fd74749f5-h4b9k,1,113
1781129675,shiny-front-csv-advanced-55646d744f-pgjt9,1,113
1781129675,shiny-front-map-f7fbcdc77-zkhbb,1,108
1781129675,shiny-front-mc-7c4bfd44f5-xx42n,1,190
1781129675,shiny-front-ml-74c8cc859d-fdrqw,1,190
1781129675,spring-backend-5445d4848-96v8l,124,446
1781129681,angular-frontend-5bcb47ff99-wzt4f,4,8
1781129681,db-7c55cd5598-lwg7z,2,57
1781129681,nginx-proxy-56577655cc-t8qqx,0,2
1781129681,redis-6fcfb5475d-9k4px,7,3
1781129681,shiny-back-5f757895fc-rcp49,1,106
1781129681,shiny-back-analytics-79bb8cff6-wnz6s,1,106
1781129681,shiny-back-analytics-advanced-7c8f5774c6-9lvw5,1,106
1781129681,shiny-back-csv-advanced-bcf4bf9d-vln4k,1,104
1781129681,shiny-back-csv-df7c9968-58p7k,1,106
1781129681,shiny-back-map-8555df7ddb-xxvqv,1,106
1781129681,shiny-back-mc-55685c979d-p7mph,2,142
1781129681,shiny-back-ml-6974d7f8d7-czvjx,301,281
1781129681,shiny-front-98c879f4-lm82w,1,113
1781129681,shiny-front-analytics-746b6bc595-pwwfk,1,181
1781129681,shiny-front-analytics-advanced-7d8f548465-pzbtj,1,189
1781129681,shiny-front-csv-7fd74749f5-h4b9k,1,113
1781129681,shiny-front-csv-advanced-55646d744f-pgjt9,1,113
1781129681,shiny-front-map-f7fbcdc77-zkhbb,1,108
1781129681,shiny-front-mc-7c4bfd44f5-xx42n,1,190
1781129681,shiny-front-ml-74c8cc859d-fdrqw,1,190
1781129681,spring-backend-5445d4848-96v8l,124,446
1781129687,angular-frontend-5bcb47ff99-wzt4f,4,8
1781129687,db-7c55cd5598-lwg7z,2,57
1781129687,nginx-proxy-56577655cc-t8qqx,0,2
1781129687,redis-6fcfb5475d-9k4px,7,3
1781129687,shiny-back-5f757895fc-rcp49,1,106
1781129687,shiny-back-analytics-79bb8cff6-wnz6s,1,106
1781129687,shiny-back-analytics-advanced-7c8f5774c6-9lvw5,1,106
1781129687,shiny-back-csv-advanced-bcf4bf9d-vln4k,1,104
1781129687,shiny-back-csv-df7c9968-58p7k,1,106
1781129687,shiny-back-map-8555df7ddb-xxvqv,1,106
1781129687,shiny-back-mc-55685c979d-p7mph,2,142
1781129687,shiny-back-ml-6974d7f8d7-czvjx,301,281
1781129687,shiny-front-98c879f4-lm82w,1,113
1781129687,shiny-front-analytics-746b6bc595-pwwfk,1,181
1781129687,shiny-front-analytics-advanced-7d8f548465-pzbtj,1,189
1781129687,shiny-front-csv-7fd74749f5-h4b9k,1,113
1781129687,shiny-front-csv-advanced-55646d744f-pgjt9,1,113
1781129687,shiny-front-map-f7fbcdc77-zkhbb,1,108
1781129687,shiny-front-mc-7c4bfd44f5-xx42n,1,190
1781129687,shiny-front-ml-74c8cc859d-fdrqw,1,190
1781129687,spring-backend-5445d4848-96v8l,124,446
1781129692,angular-frontend-5bcb47ff99-wzt4f,1,8
1781129692,db-7c55cd5598-lwg7z,2,58
1781129692,nginx-proxy-56577655cc-t8qqx,0,2
1781129692,redis-6fcfb5475d-9k4px,6,3
1781129692,shiny-back-5f757895fc-rcp49,1,106
1781129692,shiny-back-analytics-79bb8cff6-wnz6s,1,106
1781129692,shiny-back-analytics-advanced-7c8f5774c6-9lvw5,1,106
1781129692,shiny-back-csv-advanced-bcf4bf9d-vln4k,1,104
1781129692,shiny-back-csv-df7c9968-58p7k,1,106
1781129692,shiny-back-map-8555df7ddb-xxvqv,1,106
1781129692,shiny-back-mc-55685c979d-p7mph,2,142
1781129692,shiny-back-ml-6974d7f8d7-czvjx,300,229
1781129692,shiny-front-98c879f4-lm82w,1,113
1781129692,shiny-front-analytics-746b6bc595-pwwfk,1,181
1781129692,shiny-front-analytics-advanced-7d8f548465-pzbtj,1,189
1781129692,shiny-front-csv-7fd74749f5-h4b9k,1,113
1781129692,shiny-front-csv-advanced-55646d744f-pgjt9,1,113
1781129692,shiny-front-map-f7fbcdc77-zkhbb,1,108
1781129692,shiny-front-mc-7c4bfd44f5-xx42n,1,190
1781129692,shiny-front-ml-74c8cc859d-fdrqw,1,190
1781129692,spring-backend-5445d4848-96v8l,35,447
1781129698,angular-frontend-5bcb47ff99-wzt4f,1,8
1781129698,db-7c55cd5598-lwg7z,2,58
1781129698,nginx-proxy-56577655cc-t8qqx,0,2
1781129698,redis-6fcfb5475d-9k4px,6,3
1781129698,shiny-back-5f757895fc-rcp49,1,106
1781129698,shiny-back-analytics-79bb8cff6-wnz6s,1,106
1781129698,shiny-back-analytics-advanced-7c8f5774c6-9lvw5,1,106
1781129698,shiny-back-csv-advanced-bcf4bf9d-vln4k,1,104
1781129698,shiny-back-csv-df7c9968-58p7k,1,106
1781129698,shiny-back-map-8555df7ddb-xxvqv,1,106
1781129698,shiny-back-mc-55685c979d-p7mph,2,142
1781129698,shiny-back-ml-6974d7f8d7-czvjx,300,229
1781129698,shiny-front-98c879f4-lm82w,1,113
1781129698,shiny-front-analytics-746b6bc595-pwwfk,1,181
1781129698,shiny-front-analytics-advanced-7d8f548465-pzbtj,1,189
1781129698,shiny-front-csv-7fd74749f5-h4b9k,1,113
1781129698,shiny-front-csv-advanced-55646d744f-pgjt9,1,113
1781129698,shiny-front-map-f7fbcdc77-zkhbb,1,108
1781129698,shiny-front-mc-7c4bfd44f5-xx42n,1,190
1781129698,shiny-front-ml-74c8cc859d-fdrqw,1,190
1781129698,spring-backend-5445d4848-96v8l,35,447
1781129704,angular-frontend-5bcb47ff99-wzt4f,1,8
1781129704,db-7c55cd5598-lwg7z,8,58
1781129704,nginx-proxy-56577655cc-t8qqx,0,2
1781129704,redis-6fcfb5475d-9k4px,6,3
1781129704,shiny-back-5f757895fc-rcp49,4,106
1781129704,shiny-back-analytics-79bb8cff6-wnz6s,1,106
1781129704,shiny-back-analytics-advanced-7c8f5774c6-9lvw5,1,106
1781129704,shiny-back-csv-advanced-bcf4bf9d-vln4k,1,104
1781129704,shiny-back-csv-df7c9968-58p7k,1,106
1781129704,shiny-back-map-8555df7ddb-xxvqv,1,106
1781129704,shiny-back-mc-55685c979d-p7mph,1,142
1781129704,shiny-back-ml-6974d7f8d7-czvjx,301,229
1781129704,shiny-front-98c879f4-lm82w,1,113
1781129704,shiny-front-analytics-746b6bc595-pwwfk,1,181
1781129704,shiny-front-analytics-advanced-7d8f548465-pzbtj,1,189
1781129704,shiny-front-csv-7fd74749f5-h4b9k,1,113
1781129704,shiny-front-csv-advanced-55646d744f-pgjt9,1,113
1781129704,shiny-front-map-f7fbcdc77-zkhbb,1,108
1781129704,shiny-front-mc-7c4bfd44f5-xx42n,1,190
1781129704,shiny-front-ml-74c8cc859d-fdrqw,1,190
1781129704,spring-backend-5445d4848-96v8l,32,448
1781129709,angular-frontend-5bcb47ff99-wzt4f,1,8
1781129709,db-7c55cd5598-lwg7z,8,58
1781129709,nginx-proxy-56577655cc-t8qqx,0,2
1781129709,redis-6fcfb5475d-9k4px,6,3
1781129709,shiny-back-5f757895fc-rcp49,4,106
1781129709,shiny-back-analytics-79bb8cff6-wnz6s,1,106
1781129709,shiny-back-analytics-advanced-7c8f5774c6-9lvw5,1,106
1781129709,shiny-back-csv-advanced-bcf4bf9d-vln4k,1,104
1781129709,shiny-back-csv-df7c9968-58p7k,1,106
1781129709,shiny-back-map-8555df7ddb-xxvqv,1,106
1781129709,shiny-back-mc-55685c979d-p7mph,1,142
1781129709,shiny-back-ml-6974d7f8d7-czvjx,301,229
1781129709,shiny-front-98c879f4-lm82w,1,113
1781129709,shiny-front-analytics-746b6bc595-pwwfk,1,181
1781129709,shiny-front-analytics-advanced-7d8f548465-pzbtj,1,189
1781129709,shiny-front-csv-7fd74749f5-h4b9k,1,113
1781129709,shiny-front-csv-advanced-55646d744f-pgjt9,1,113
1781129709,shiny-front-map-f7fbcdc77-zkhbb,1,108
1781129709,shiny-front-mc-7c4bfd44f5-xx42n,1,190
1781129709,shiny-front-ml-74c8cc859d-fdrqw,1,190
1781129709,spring-backend-5445d4848-96v8l,32,448
1781129715,angular-frontend-5bcb47ff99-wzt4f,1,8
1781129715,db-7c55cd5598-lwg7z,8,58
1781129715,nginx-proxy-56577655cc-t8qqx,0,2
1781129715,redis-6fcfb5475d-9k4px,6,3
1781129715,shiny-back-5f757895fc-rcp49,4,106
1781129715,shiny-back-analytics-79bb8cff6-wnz6s,1,106
1781129715,shiny-back-analytics-advanced-7c8f5774c6-9lvw5,1,106
1781129715,shiny-back-csv-advanced-bcf4bf9d-vln4k,1,104
1781129715,shiny-back-csv-df7c9968-58p7k,1,106
1781129715,shiny-back-map-8555df7ddb-xxvqv,1,106
1781129715,shiny-back-mc-55685c979d-p7mph,1,142
1781129715,shiny-back-ml-6974d7f8d7-czvjx,301,229
1781129715,shiny-front-98c879f4-lm82w,1,113
1781129715,shiny-front-analytics-746b6bc595-pwwfk,1,181
1781129715,shiny-front-analytics-advanced-7d8f548465-pzbtj,1,189
1781129715,shiny-front-csv-7fd74749f5-h4b9k,1,113
1781129715,shiny-front-csv-advanced-55646d744f-pgjt9,1,113
1781129715,shiny-front-map-f7fbcdc77-zkhbb,1,108
1781129715,shiny-front-mc-7c4bfd44f5-xx42n,1,190
1781129715,shiny-front-ml-74c8cc859d-fdrqw,1,190
1781129715,spring-backend-5445d4848-96v8l,32,448
1781129721,angular-frontend-5bcb47ff99-wzt4f,5,8
1781129721,db-7c55cd5598-lwg7z,5,58
1781129721,nginx-proxy-56577655cc-t8qqx,0,2
1781129721,redis-6fcfb5475d-9k4px,6,3
1781129721,shiny-back-5f757895fc-rcp49,1,106
1781129721,shiny-back-analytics-79bb8cff6-wnz6s,1,106
1781129721,shiny-back-analytics-advanced-7c8f5774c6-9lvw5,1,106
1781129721,shiny-back-csv-advanced-bcf4bf9d-vln4k,1,104
1781129721,shiny-back-csv-df7c9968-58p7k,1,106
1781129721,shiny-back-map-8555df7ddb-xxvqv,1,106
1781129721,shiny-back-mc-55685c979d-p7mph,1,142
1781129721,shiny-back-ml-6974d7f8d7-czvjx,301,273
1781129721,shiny-front-98c879f4-lm82w,1,113
1781129721,shiny-front-analytics-746b6bc595-pwwfk,1,181
1781129721,shiny-front-analytics-advanced-7d8f548465-pzbtj,1,189
1781129721,shiny-front-csv-7fd74749f5-h4b9k,1,113
1781129721,shiny-front-csv-advanced-55646d744f-pgjt9,1,113
1781129721,shiny-front-map-f7fbcdc77-zkhbb,1,108
1781129721,shiny-front-mc-7c4bfd44f5-xx42n,1,190
1781129721,shiny-front-ml-74c8cc859d-fdrqw,1,190
1781129721,spring-backend-5445d4848-96v8l,190,448
1781129726,angular-frontend-5bcb47ff99-wzt4f,5,8
1781129726,db-7c55cd5598-lwg7z,5,58
1781129726,nginx-proxy-56577655cc-t8qqx,0,2
1781129726,redis-6fcfb5475d-9k4px,6,3
1781129726,shiny-back-5f757895fc-rcp49,1,106
1781129726,shiny-back-analytics-79bb8cff6-wnz6s,1,106
1781129726,shiny-back-analytics-advanced-7c8f5774c6-9lvw5,1,106
1781129726,shiny-back-csv-advanced-bcf4bf9d-vln4k,1,104
1781129726,shiny-back-csv-df7c9968-58p7k,1,106
1781129726,shiny-back-map-8555df7ddb-xxvqv,1,106
1781129726,shiny-back-mc-55685c979d-p7mph,1,142
1781129726,shiny-back-ml-6974d7f8d7-czvjx,301,273
1781129726,shiny-front-98c879f4-lm82w,1,113
1781129726,shiny-front-analytics-746b6bc595-pwwfk,1,181
1781129726,shiny-front-analytics-advanced-7d8f548465-pzbtj,1,189
1781129726,shiny-front-csv-7fd74749f5-h4b9k,1,113
1781129726,shiny-front-csv-advanced-55646d744f-pgjt9,1,113
1781129726,shiny-front-map-f7fbcdc77-zkhbb,1,108
1781129726,shiny-front-mc-7c4bfd44f5-xx42n,1,190
1781129726,shiny-front-ml-74c8cc859d-fdrqw,1,190
1781129726,spring-backend-5445d4848-96v8l,190,448
1781129732,angular-frontend-5bcb47ff99-wzt4f,5,8
1781129732,db-7c55cd5598-lwg7z,5,58
1781129732,nginx-proxy-56577655cc-t8qqx,0,2
1781129732,redis-6fcfb5475d-9k4px,6,3
1781129732,shiny-back-5f757895fc-rcp49,1,106
1781129732,shiny-back-analytics-79bb8cff6-wnz6s,1,106
1781129732,shiny-back-analytics-advanced-7c8f5774c6-9lvw5,1,106
1781129732,shiny-back-csv-advanced-bcf4bf9d-vln4k,1,104
1781129732,shiny-back-csv-df7c9968-58p7k,1,106
1781129732,shiny-back-map-8555df7ddb-xxvqv,1,106
1781129732,shiny-back-mc-55685c979d-p7mph,1,142
1781129732,shiny-back-ml-6974d7f8d7-czvjx,301,273
1781129732,shiny-front-98c879f4-lm82w,1,113
1781129732,shiny-front-analytics-746b6bc595-pwwfk,1,181
1781129732,shiny-front-analytics-advanced-7d8f548465-pzbtj,1,189
1781129732,shiny-front-csv-7fd74749f5-h4b9k,1,113
1781129732,shiny-front-csv-advanced-55646d744f-pgjt9,1,113
1781129732,shiny-front-map-f7fbcdc77-zkhbb,1,108
1781129732,shiny-front-mc-7c4bfd44f5-xx42n,1,190
1781129732,shiny-front-ml-74c8cc859d-fdrqw,1,190
1781129732,spring-backend-5445d4848-96v8l,190,448
1781129738,angular-frontend-5bcb47ff99-wzt4f,2,8
1781129738,db-7c55cd5598-lwg7z,5,57
1781129738,nginx-proxy-56577655cc-t8qqx,0,2
1781129738,redis-6fcfb5475d-9k4px,6,3
1781129738,shiny-back-5f757895fc-rcp49,1,106
1781129738,shiny-back-analytics-79bb8cff6-wnz6s,1,106
1781129738,shiny-back-analytics-advanced-7c8f5774c6-9lvw5,1,106
1781129738,shiny-back-csv-advanced-bcf4bf9d-vln4k,1,104
1781129738,shiny-back-csv-df7c9968-58p7k,2,106
1781129738,shiny-back-map-8555df7ddb-xxvqv,1,106
1781129738,shiny-back-mc-55685c979d-p7mph,3,142
1781129738,shiny-back-ml-6974d7f8d7-czvjx,301,273
1781129738,shiny-front-98c879f4-lm82w,1,113
1781129738,shiny-front-analytics-746b6bc595-pwwfk,1,181
1781129738,shiny-front-analytics-advanced-7d8f548465-pzbtj,1,189
1781129738,shiny-front-csv-7fd74749f5-h4b9k,1,113
1781129738,shiny-front-csv-advanced-55646d744f-pgjt9,1,113
1781129738,shiny-front-map-f7fbcdc77-zkhbb,1,108
1781129738,shiny-front-mc-7c4bfd44f5-xx42n,1,190
1781129738,shiny-front-ml-74c8cc859d-fdrqw,1,190
1781129738,spring-backend-5445d4848-96v8l,145,449
1781129744,angular-frontend-5bcb47ff99-wzt4f,2,8
1781129744,db-7c55cd5598-lwg7z,5,57
1781129744,nginx-proxy-56577655cc-t8qqx,0,2
1781129744,redis-6fcfb5475d-9k4px,6,3
1781129744,shiny-back-5f757895fc-rcp49,1,106
1781129744,shiny-back-analytics-79bb8cff6-wnz6s,1,106
1781129744,shiny-back-analytics-advanced-7c8f5774c6-9lvw5,1,106
1781129744,shiny-back-csv-advanced-bcf4bf9d-vln4k,1,104
1781129744,shiny-back-csv-df7c9968-58p7k,2,106
1781129744,shiny-back-map-8555df7ddb-xxvqv,1,106
1781129744,shiny-back-mc-55685c979d-p7mph,3,142
1781129744,shiny-back-ml-6974d7f8d7-czvjx,301,273
1781129744,shiny-front-98c879f4-lm82w,1,113
1781129744,shiny-front-analytics-746b6bc595-pwwfk,1,181
1781129744,shiny-front-analytics-advanced-7d8f548465-pzbtj,1,189
1781129744,shiny-front-csv-7fd74749f5-h4b9k,1,113
1781129744,shiny-front-csv-advanced-55646d744f-pgjt9,1,113
1781129744,shiny-front-map-f7fbcdc77-zkhbb,1,108
1781129744,shiny-front-mc-7c4bfd44f5-xx42n,1,190
1781129744,shiny-front-ml-74c8cc859d-fdrqw,1,190
1781129744,spring-backend-5445d4848-96v8l,145,449
